=== MGEfinder Pipeline HPC Job ===
Job ID: 23240563
Started: Sat Feb 21 17:57:49 GMT 2026
Node: cpu-q-39
>>> Running pipeline for row 0...
Wrote 20 rows to /rds/project/rds-4k08a2yyQLw/david/processed/mgefinder/mgefinder_dataset.txt
Reference for this run: GCF_000814305.1_ASM81430v1_genomic
>>> bwa: read /rds/project/rds-4k08a2yyQLw/david/processed/mgefinder/00.genome/GCF_000814305.1_ASM81430v1_genomic.fna /rds/project/rds-4k08a2yyQLw/david/raw/fastq/SAMD00052625/DRR061427_1.fastq.gz /rds/project/rds-4k08a2yyQLw/david/raw/fastq/SAMD00052625/DRR061427_2.fastq.gz write /rds/project/rds-4k08a2yyQLw/david/processed/mgefinder/bwa/SAMD00052625.GCF_000814305.1_ASM81430v1_genomic.bwa.sam
>>> bwa: read /rds/project/rds-4k08a2yyQLw/david/processed/mgefinder/00.genome/GCF_000814305.1_ASM81430v1_genomic.fna /rds/project/rds-4k08a2yyQLw/david/raw/fastq/SAMD00099771/DRR111584_1.fastq.gz /rds/project/rds-4k08a2yyQLw/david/raw/fastq/SAMD00099771/DRR111584_2.fastq.gz write /rds/project/rds-4k08a2yyQLw/david/processed/mgefinder/bwa/SAMD00099771.GCF_000814305.1_ASM81430v1_genomic.bwa.sam
>>> bwa: read /rds/project/rds-4k08a2yyQLw/david/processed/mgefinder/00.genome/GCF_000814305.1_ASM81430v1_genomic.fna /rds/project/rds-4k08a2yyQLw/david/raw/fastq/SAMEA103956446/ERR1911026_1.fastq.gz /rds/project/rds-4k08a2yyQLw/david/raw/fastq/SAMEA103956446/ERR1911026_2.fastq.gz write /rds/project/rds-4k08a2yyQLw/david/processed/mgefinder/bwa/SAMEA103956446.GCF_000814305.1_ASM81430v1_genomic.bwa.sam
>>> copy_assembly: read /rds/project/rds-4k08a2yyQLw/david/raw/assemblies/SAMEA103956446.fa.gz write /rds/project/rds-4k08a2yyQLw/david/processed/mgefinder/00.assembly/SAMEA103956446.fna
>>> bwa: read /rds/project/rds-4k08a2yyQLw/david/processed/mgefinder/00.genome/GCF_000814305.1_ASM81430v1_genomic.fna /rds/project/rds-4k08a2yyQLw/david/raw/fastq/SAMD00193197/DRR198036_1.fastq.gz /rds/project/rds-4k08a2yyQLw/david/raw/fastq/SAMD00193197/DRR198036_2.fastq.gz write /rds/project/rds-4k08a2yyQLw/david/processed/mgefinder/bwa/SAMD00193197.GCF_000814305.1_ASM81430v1_genomic.bwa.sam
>>> formatbam: read /rds/project/rds-4k08a2yyQLw/david/processed/mgefinder/bwa/SAMEA103956446.GCF_000814305.1_ASM81430v1_genomic.bwa.sam write /rds/project/rds-4k08a2yyQLw/david/processed/mgefinder/00.bam/SAMEA103956446.GCF_000814305.1_ASM81430v1_genomic.bam
>>> formatbam: read /rds/project/rds-4k08a2yyQLw/david/processed/mgefinder/bwa/SAMD00052625.GCF_000814305.1_ASM81430v1_genomic.bwa.sam write /rds/project/rds-4k08a2yyQLw/david/processed/mgefinder/00.bam/SAMD00052625.GCF_000814305.1_ASM81430v1_genomic.bam
>>> formatbam: read /rds/project/rds-4k08a2yyQLw/david/processed/mgefinder/bwa/SAMD00193197.GCF_000814305.1_ASM81430v1_genomic.bwa.sam write /rds/project/rds-4k08a2yyQLw/david/processed/mgefinder/00.bam/SAMD00193197.GCF_000814305.1_ASM81430v1_genomic.bam
#### CHECKING DEPENDENCIES ####
Current version of snakemake: 7.32.4
Expected version of snakemake: 3.13.3
WARNING: Current version of snakemake does not match expectaction. Proceed with caution
Current version of einverted: EMBOSS:6.6.0.0
Expected version of einverted: EMBOSS:6.6.0.0
Current version of bowtie2: 2.5.4
Expected version of bowtie2: 2.3.5
WARNING: Current version of bowtie2 does not match expectaction. Proceed with caution
Current version of samtools: 1.19.2
Expected version of samtools: 1.9
WARNING: Current version of samtools does not match expectaction. Proceed with caution
Current version of cd-hit: 4.8.1
Expected version of cd-hit: 4.8.1
###############################
Get help documentation with --help.
Get version with --version.
#### CHECKING DEPENDENCIES ####
Current version of snakemake: 7.32.4
Expected version of snakemake: 3.13.3
WARNING: Current version of snakemake does not match expectaction. Proceed with caution
Current version of einverted: EMBOSS:6.6.0.0
Expected version of einverted: EMBOSS:6.6.0.0
Current version of bowtie2: 2.5.4
Expected version of bowtie2: 2.3.5
WARNING: Current version of bowtie2 does not match expectaction. Proceed with caution
Current version of samtools: 1.19.2
Expected version of samtools: 1.9
WARNING: Current version of samtools does not match expectaction. Proceed with caution
Current version of cd-hit: 4.8.1
Expected version of cd-hit: 4.8.1
###############################
Get help documentation with --help.
Get version with --version.
#### PARAMETERS ####
command: formatbam
in_sam: /rds/project/rds-4k08a2yyQLw/david/processed/mgefinder/bwa/SAMD00052625.GCF_000814305.1_ASM81430v1_genomic.bwa.sam
out_bam: /rds/project/rds-4k08a2yyQLw/david/processed/mgefinder/00.bam/SAMD00052625.GCF_000814305.1_ASM81430v1_genomic.bam
single_end: False
keep_tmp_files: False
####################
Removing secondary alignments...
#### PARAMETERS ####
command: formatbam
in_sam: /rds/project/rds-4k08a2yyQLw/david/processed/mgefinder/bwa/SAMEA103956446.GCF_000814305.1_ASM81430v1_genomic.bwa.sam
out_bam: /rds/project/rds-4k08a2yyQLw/david/processed/mgefinder/00.bam/SAMEA103956446.GCF_000814305.1_ASM81430v1_genomic.bam
single_end: False
keep_tmp_files: False
####################
Removing secondary alignments...
#### CHECKING DEPENDENCIES ####
Current version of snakemake: 7.32.4
Expected version of snakemake: 3.13.3
WARNING: Current version of snakemake does not match expectaction. Proceed with caution
Current version of einverted: EMBOSS:6.6.0.0
Expected version of einverted: EMBOSS:6.6.0.0
Current version of bowtie2: 2.5.4
Expected version of bowtie2: 2.3.5
WARNING: Current version of bowtie2 does not match expectaction. Proceed with caution
Current version of samtools: 1.19.2
Expected version of samtools: 1.9
WARNING: Current version of samtools does not match expectaction. Proceed with caution
Current version of cd-hit: 4.8.1
Expected version of cd-hit: 4.8.1
###############################
Get help documentation with --help.
Get version with --version.
#### PARAMETERS ####
command: formatbam
in_sam: /rds/project/rds-4k08a2yyQLw/david/processed/mgefinder/bwa/SAMD00193197.GCF_000814305.1_ASM81430v1_genomic.bwa.sam
out_bam: /rds/project/rds-4k08a2yyQLw/david/processed/mgefinder/00.bam/SAMD00193197.GCF_000814305.1_ASM81430v1_genomic.bam
single_end: False
keep_tmp_files: False
####################
Removing secondary alignments...
Successfully removed secondary alignments...

Formatting bam file for use by mgefinder...
Successfully removed secondary alignments...

Formatting bam file for use by mgefinder...
Successfully removed secondary alignments...

Formatting bam file for use by mgefinder...
>>> formatbam: read /rds/project/rds-4k08a2yyQLw/david/processed/mgefinder/bwa/SAMD00099771.GCF_000814305.1_ASM81430v1_genomic.bwa.sam write /rds/project/rds-4k08a2yyQLw/david/processed/mgefinder/00.bam/SAMD00099771.GCF_000814305.1_ASM81430v1_genomic.bam
#### CHECKING DEPENDENCIES ####
Current version of snakemake: 7.32.4
Expected version of snakemake: 3.13.3
WARNING: Current version of snakemake does not match expectaction. Proceed with caution
Current version of einverted: EMBOSS:6.6.0.0
Expected version of einverted: EMBOSS:6.6.0.0
Current version of bowtie2: 2.5.4
Expected version of bowtie2: 2.3.5
WARNING: Current version of bowtie2 does not match expectaction. Proceed with caution
Current version of samtools: 1.19.2
Expected version of samtools: 1.9
WARNING: Current version of samtools does not match expectaction. Proceed with caution
Current version of cd-hit: 4.8.1
Expected version of cd-hit: 4.8.1
###############################
Get help documentation with --help.
Get version with --version.
#### PARAMETERS ####
command: formatbam
in_sam: /rds/project/rds-4k08a2yyQLw/david/processed/mgefinder/bwa/SAMD00099771.GCF_000814305.1_ASM81430v1_genomic.bwa.sam
out_bam: /rds/project/rds-4k08a2yyQLw/david/processed/mgefinder/00.bam/SAMD00099771.GCF_000814305.1_ASM81430v1_genomic.bam
single_end: False
keep_tmp_files: False
####################
Removing secondary alignments...
SAM file successfully reformatted...

Sorting the BAM file by chromosomal location...
SAM file successfully reformatted...

Sorting the BAM file by chromosomal location...
Successfully removed secondary alignments...

Formatting bam file for use by mgefinder...
BAM file successfully sorted...

Index the sorted BAM file...
BAM file successfully sorted...

Index the sorted BAM file...
BAM file successfully indexed...

BAM file successfully indexed...

>>> find: read /rds/project/rds-4k08a2yyQLw/david/processed/mgefinder/00.bam/SAMD00193197.GCF_000814305.1_ASM81430v1_genomic.bam write /rds/project/rds-4k08a2yyQLw/david/processed/mgefinder/mgefinder/GCF_000814305.1_ASM81430v1_genomic/SAMD00193197/01.find.SAMD00193197.GCF_000814305.1_ASM81430v1_genomic.tsv
>>> find: read /rds/project/rds-4k08a2yyQLw/david/processed/mgefinder/00.bam/SAMEA103956446.GCF_000814305.1_ASM81430v1_genomic.bam write /rds/project/rds-4k08a2yyQLw/david/processed/mgefinder/mgefinder/GCF_000814305.1_ASM81430v1_genomic/SAMEA103956446/01.find.SAMEA103956446.GCF_000814305.1_ASM81430v1_genomic.tsv
SAM file successfully reformatted...

Sorting the BAM file by chromosomal location...
BAM file successfully sorted...

Index the sorted BAM file...
BAM file successfully indexed...

>>> find: read /rds/project/rds-4k08a2yyQLw/david/processed/mgefinder/00.bam/SAMD00052625.GCF_000814305.1_ASM81430v1_genomic.bam write /rds/project/rds-4k08a2yyQLw/david/processed/mgefinder/mgefinder/GCF_000814305.1_ASM81430v1_genomic/SAMD00052625/01.find.SAMD00052625.GCF_000814305.1_ASM81430v1_genomic.tsv
>>> pair: MGEfinder pair SAMEA103956446 GCF_000814305.1_ASM81430v1_genomic
>>> bwa: read /rds/project/rds-4k08a2yyQLw/david/processed/mgefinder/00.genome/GCF_000814305.1_ASM81430v1_genomic.fna /rds/project/rds-4k08a2yyQLw/david/raw/fastq/SAMD00052601/DRR061405_1.fastq.gz /rds/project/rds-4k08a2yyQLw/david/raw/fastq/SAMD00052601/DRR061405_2.fastq.gz write /rds/project/rds-4k08a2yyQLw/david/processed/mgefinder/bwa/SAMD00052601.GCF_000814305.1_ASM81430v1_genomic.bwa.sam
>>> pair: MGEfinder pair SAMD00052625 GCF_000814305.1_ASM81430v1_genomic
>>> bwa: read /rds/project/rds-4k08a2yyQLw/david/processed/mgefinder/00.genome/GCF_000814305.1_ASM81430v1_genomic.fna /rds/project/rds-4k08a2yyQLw/david/raw/fastq/SAMD00066597/DRR076334_1.fastq.gz /rds/project/rds-4k08a2yyQLw/david/raw/fastq/SAMD00066597/DRR076334_2.fastq.gz write /rds/project/rds-4k08a2yyQLw/david/processed/mgefinder/bwa/SAMD00066597.GCF_000814305.1_ASM81430v1_genomic.bwa.sam
>>> formatbam: read /rds/project/rds-4k08a2yyQLw/david/processed/mgefinder/bwa/SAMD00052601.GCF_000814305.1_ASM81430v1_genomic.bwa.sam write /rds/project/rds-4k08a2yyQLw/david/processed/mgefinder/00.bam/SAMD00052601.GCF_000814305.1_ASM81430v1_genomic.bam
#### CHECKING DEPENDENCIES ####
Current version of snakemake: 7.32.4
Expected version of snakemake: 3.13.3
WARNING: Current version of snakemake does not match expectaction. Proceed with caution
Current version of einverted: EMBOSS:6.6.0.0
Expected version of einverted: EMBOSS:6.6.0.0
Current version of bowtie2: 2.5.4
Expected version of bowtie2: 2.3.5
WARNING: Current version of bowtie2 does not match expectaction. Proceed with caution
Current version of samtools: 1.19.2
Expected version of samtools: 1.9
WARNING: Current version of samtools does not match expectaction. Proceed with caution
Current version of cd-hit: 4.8.1
Expected version of cd-hit: 4.8.1
###############################
Get help documentation with --help.
Get version with --version.
#### PARAMETERS ####
command: formatbam
in_sam: /rds/project/rds-4k08a2yyQLw/david/processed/mgefinder/bwa/SAMD00052601.GCF_000814305.1_ASM81430v1_genomic.bwa.sam
out_bam: /rds/project/rds-4k08a2yyQLw/david/processed/mgefinder/00.bam/SAMD00052601.GCF_000814305.1_ASM81430v1_genomic.bam
single_end: False
keep_tmp_files: False
####################
Removing secondary alignments...
Successfully removed secondary alignments...

Formatting bam file for use by mgefinder...
>>> pair: MGEfinder pair SAMD00193197 GCF_000814305.1_ASM81430v1_genomic
>>> bwa: read /rds/project/rds-4k08a2yyQLw/david/processed/mgefinder/00.genome/GCF_000814305.1_ASM81430v1_genomic.fna /rds/project/rds-4k08a2yyQLw/david/raw/fastq/SAMD00646127/DRR504917_1.fastq.gz /rds/project/rds-4k08a2yyQLw/david/raw/fastq/SAMD00646127/DRR504917_2.fastq.gz write /rds/project/rds-4k08a2yyQLw/david/processed/mgefinder/bwa/SAMD00646127.GCF_000814305.1_ASM81430v1_genomic.bwa.sam
SAM file successfully reformatted...

Sorting the BAM file by chromosomal location...
SAM file successfully reformatted...

Sorting the BAM file by chromosomal location...
BAM file successfully sorted...

Index the sorted BAM file...
BAM file successfully indexed...

>>> find: read /rds/project/rds-4k08a2yyQLw/david/processed/mgefinder/00.bam/SAMD00052601.GCF_000814305.1_ASM81430v1_genomic.bam write /rds/project/rds-4k08a2yyQLw/david/processed/mgefinder/mgefinder/GCF_000814305.1_ASM81430v1_genomic/SAMD00052601/01.find.SAMD00052601.GCF_000814305.1_ASM81430v1_genomic.tsv
>>> formatbam: read /rds/project/rds-4k08a2yyQLw/david/processed/mgefinder/bwa/SAMD00066597.GCF_000814305.1_ASM81430v1_genomic.bwa.sam write /rds/project/rds-4k08a2yyQLw/david/processed/mgefinder/00.bam/SAMD00066597.GCF_000814305.1_ASM81430v1_genomic.bam
>>> pair: MGEfinder pair SAMD00052601 GCF_000814305.1_ASM81430v1_genomic
#### CHECKING DEPENDENCIES ####
Current version of snakemake: 7.32.4
Expected version of snakemake: 3.13.3
WARNING: Current version of snakemake does not match expectaction. Proceed with caution
Current version of einverted: EMBOSS:6.6.0.0
Expected version of einverted: EMBOSS:6.6.0.0
Current version of bowtie2: 2.5.4
Expected version of bowtie2: 2.3.5
WARNING: Current version of bowtie2 does not match expectaction. Proceed with caution
Current version of samtools: 1.19.2
Expected version of samtools: 1.9
WARNING: Current version of samtools does not match expectaction. Proceed with caution
Current version of cd-hit: 4.8.1
Expected version of cd-hit: 4.8.1
###############################
Get help documentation with --help.
Get version with --version.
#### PARAMETERS ####
command: formatbam
in_sam: /rds/project/rds-4k08a2yyQLw/david/processed/mgefinder/bwa/SAMD00066597.GCF_000814305.1_ASM81430v1_genomic.bwa.sam
out_bam: /rds/project/rds-4k08a2yyQLw/david/processed/mgefinder/00.bam/SAMD00066597.GCF_000814305.1_ASM81430v1_genomic.bam
single_end: False
keep_tmp_files: False
####################
Removing secondary alignments...
>>> inferseq_reference: SAMD00052601 GCF_000814305.1_ASM81430v1_genomic
Successfully removed secondary alignments...

Formatting bam file for use by mgefinder...
>>> bwa: read /rds/project/rds-4k08a2yyQLw/david/processed/mgefinder/00.genome/GCF_000814305.1_ASM81430v1_genomic.fna /rds/project/rds-4k08a2yyQLw/david/raw/fastq/SAMEA103956445/ERR1911025_1.fastq.gz /rds/project/rds-4k08a2yyQLw/david/raw/fastq/SAMEA103956445/ERR1911025_2.fastq.gz write /rds/project/rds-4k08a2yyQLw/david/processed/mgefinder/bwa/SAMEA103956445.GCF_000814305.1_ASM81430v1_genomic.bwa.sam
BAM file successfully sorted...

Index the sorted BAM file...
BAM file successfully indexed...

>>> find: read /rds/project/rds-4k08a2yyQLw/david/processed/mgefinder/00.bam/SAMD00099771.GCF_000814305.1_ASM81430v1_genomic.bam write /rds/project/rds-4k08a2yyQLw/david/processed/mgefinder/mgefinder/GCF_000814305.1_ASM81430v1_genomic/SAMD00099771/01.find.SAMD00099771.GCF_000814305.1_ASM81430v1_genomic.tsv
SAM file successfully reformatted...

Sorting the BAM file by chromosomal location...
>>> formatbam: read /rds/project/rds-4k08a2yyQLw/david/processed/mgefinder/bwa/SAMEA103956445.GCF_000814305.1_ASM81430v1_genomic.bwa.sam write /rds/project/rds-4k08a2yyQLw/david/processed/mgefinder/00.bam/SAMEA103956445.GCF_000814305.1_ASM81430v1_genomic.bam
#### CHECKING DEPENDENCIES ####
Current version of snakemake: 7.32.4
Expected version of snakemake: 3.13.3
WARNING: Current version of snakemake does not match expectaction. Proceed with caution
Current version of einverted: EMBOSS:6.6.0.0
Expected version of einverted: EMBOSS:6.6.0.0
Current version of bowtie2: 2.5.4
Expected version of bowtie2: 2.3.5
WARNING: Current version of bowtie2 does not match expectaction. Proceed with caution
Current version of samtools: 1.19.2
Expected version of samtools: 1.9
WARNING: Current version of samtools does not match expectaction. Proceed with caution
Current version of cd-hit: 4.8.1
Expected version of cd-hit: 4.8.1
###############################
Get help documentation with --help.
Get version with --version.
#### PARAMETERS ####
command: formatbam
in_sam: /rds/project/rds-4k08a2yyQLw/david/processed/mgefinder/bwa/SAMEA103956445.GCF_000814305.1_ASM81430v1_genomic.bwa.sam
out_bam: /rds/project/rds-4k08a2yyQLw/david/processed/mgefinder/00.bam/SAMEA103956445.GCF_000814305.1_ASM81430v1_genomic.bam
single_end: False
keep_tmp_files: False
####################
Removing secondary alignments...
BAM file successfully sorted...

Index the sorted BAM file...
BAM file successfully indexed...

>>> find: read /rds/project/rds-4k08a2yyQLw/david/processed/mgefinder/00.bam/SAMD00066597.GCF_000814305.1_ASM81430v1_genomic.bam write /rds/project/rds-4k08a2yyQLw/david/processed/mgefinder/mgefinder/GCF_000814305.1_ASM81430v1_genomic/SAMD00066597/01.find.SAMD00066597.GCF_000814305.1_ASM81430v1_genomic.tsv
Successfully removed secondary alignments...

Formatting bam file for use by mgefinder...
SAM file successfully reformatted...

Sorting the BAM file by chromosomal location...
BAM file successfully sorted...

Index the sorted BAM file...
BAM file successfully indexed...

>>> find: read /rds/project/rds-4k08a2yyQLw/david/processed/mgefinder/00.bam/SAMEA103956445.GCF_000814305.1_ASM81430v1_genomic.bam write /rds/project/rds-4k08a2yyQLw/david/processed/mgefinder/mgefinder/GCF_000814305.1_ASM81430v1_genomic/SAMEA103956445/01.find.SAMEA103956445.GCF_000814305.1_ASM81430v1_genomic.tsv
>>> pair: MGEfinder pair SAMEA103956445 GCF_000814305.1_ASM81430v1_genomic
>>> bwa: read /rds/project/rds-4k08a2yyQLw/david/processed/mgefinder/00.genome/GCF_000814305.1_ASM81430v1_genomic.fna /rds/project/rds-4k08a2yyQLw/david/raw/fastq/SAMD00052621/DRR061423_1.fastq.gz /rds/project/rds-4k08a2yyQLw/david/raw/fastq/SAMD00052621/DRR061423_2.fastq.gz write /rds/project/rds-4k08a2yyQLw/david/processed/mgefinder/bwa/SAMD00052621.GCF_000814305.1_ASM81430v1_genomic.bwa.sam
>>> pair: MGEfinder pair SAMD00066597 GCF_000814305.1_ASM81430v1_genomic
>>> bwa: read /rds/project/rds-4k08a2yyQLw/david/processed/mgefinder/00.genome/GCF_000814305.1_ASM81430v1_genomic.fna /rds/project/rds-4k08a2yyQLw/david/raw/fastq/SAMEA103956443/ERR1911023_1.fastq.gz /rds/project/rds-4k08a2yyQLw/david/raw/fastq/SAMEA103956443/ERR1911023_2.fastq.gz write /rds/project/rds-4k08a2yyQLw/david/processed/mgefinder/bwa/SAMEA103956443.GCF_000814305.1_ASM81430v1_genomic.bwa.sam
>>> pair: MGEfinder pair SAMD00099771 GCF_000814305.1_ASM81430v1_genomic
>>> formatbam: read /rds/project/rds-4k08a2yyQLw/david/processed/mgefinder/bwa/SAMD00052621.GCF_000814305.1_ASM81430v1_genomic.bwa.sam write /rds/project/rds-4k08a2yyQLw/david/processed/mgefinder/00.bam/SAMD00052621.GCF_000814305.1_ASM81430v1_genomic.bam
>>> index_assembly: indexing assembly SAMEA103956446
>>> inferseq_assembly: SAMEA103956446 GCF_000814305.1_ASM81430v1_genomic
#### CHECKING DEPENDENCIES ####
Current version of snakemake: 7.32.4
Expected version of snakemake: 3.13.3
WARNING: Current version of snakemake does not match expectaction. Proceed with caution
Current version of einverted: EMBOSS:6.6.0.0
Expected version of einverted: EMBOSS:6.6.0.0
Current version of bowtie2: 2.5.4
Expected version of bowtie2: 2.3.5
WARNING: Current version of bowtie2 does not match expectaction. Proceed with caution
Current version of samtools: 1.19.2
Expected version of samtools: 1.9
WARNING: Current version of samtools does not match expectaction. Proceed with caution
Current version of cd-hit: 4.8.1
Expected version of cd-hit: 4.8.1
###############################
Get help documentation with --help.
Get version with --version.
#### PARAMETERS ####
command: formatbam
in_sam: /rds/project/rds-4k08a2yyQLw/david/processed/mgefinder/bwa/SAMD00052621.GCF_000814305.1_ASM81430v1_genomic.bwa.sam
out_bam: /rds/project/rds-4k08a2yyQLw/david/processed/mgefinder/00.bam/SAMD00052621.GCF_000814305.1_ASM81430v1_genomic.bam
single_end: False
keep_tmp_files: False
####################
Removing secondary alignments...
>>> inferseq_reference: SAMD00193197 GCF_000814305.1_ASM81430v1_genomic
>>> bwa: read /rds/project/rds-4k08a2yyQLw/david/processed/mgefinder/00.genome/GCF_000814305.1_ASM81430v1_genomic.fna /rds/project/rds-4k08a2yyQLw/david/raw/fastq/SAMEA103956444/ERR1911024_1.fastq.gz /rds/project/rds-4k08a2yyQLw/david/raw/fastq/SAMEA103956444/ERR1911024_2.fastq.gz write /rds/project/rds-4k08a2yyQLw/david/processed/mgefinder/bwa/SAMEA103956444.GCF_000814305.1_ASM81430v1_genomic.bwa.sam
Successfully removed secondary alignments...

Formatting bam file for use by mgefinder...
>>> formatbam: read /rds/project/rds-4k08a2yyQLw/david/processed/mgefinder/bwa/SAMEA103956443.GCF_000814305.1_ASM81430v1_genomic.bwa.sam write /rds/project/rds-4k08a2yyQLw/david/processed/mgefinder/00.bam/SAMEA103956443.GCF_000814305.1_ASM81430v1_genomic.bam
#### CHECKING DEPENDENCIES ####
Current version of snakemake: 7.32.4
Expected version of snakemake: 3.13.3
WARNING: Current version of snakemake does not match expectaction. Proceed with caution
Current version of einverted: EMBOSS:6.6.0.0
Expected version of einverted: EMBOSS:6.6.0.0
Current version of bowtie2: 2.5.4
Expected version of bowtie2: 2.3.5
WARNING: Current version of bowtie2 does not match expectaction. Proceed with caution
Current version of samtools: 1.19.2
Expected version of samtools: 1.9
WARNING: Current version of samtools does not match expectaction. Proceed with caution
Current version of cd-hit: 4.8.1
Expected version of cd-hit: 4.8.1
###############################
Get help documentation with --help.
Get version with --version.
#### PARAMETERS ####
command: formatbam
in_sam: /rds/project/rds-4k08a2yyQLw/david/processed/mgefinder/bwa/SAMEA103956443.GCF_000814305.1_ASM81430v1_genomic.bwa.sam
out_bam: /rds/project/rds-4k08a2yyQLw/david/processed/mgefinder/00.bam/SAMEA103956443.GCF_000814305.1_ASM81430v1_genomic.bam
single_end: False
keep_tmp_files: False
####################
Removing secondary alignments...
Successfully removed secondary alignments...

Formatting bam file for use by mgefinder...
SAM file successfully reformatted...

Sorting the BAM file by chromosomal location...
BAM file successfully sorted...

Index the sorted BAM file...
BAM file successfully indexed...

>>> find: read /rds/project/rds-4k08a2yyQLw/david/processed/mgefinder/00.bam/SAMD00052621.GCF_000814305.1_ASM81430v1_genomic.bam write /rds/project/rds-4k08a2yyQLw/david/processed/mgefinder/mgefinder/GCF_000814305.1_ASM81430v1_genomic/SAMD00052621/01.find.SAMD00052621.GCF_000814305.1_ASM81430v1_genomic.tsv
>>> formatbam: read /rds/project/rds-4k08a2yyQLw/david/processed/mgefinder/bwa/SAMEA103956444.GCF_000814305.1_ASM81430v1_genomic.bwa.sam write /rds/project/rds-4k08a2yyQLw/david/processed/mgefinder/00.bam/SAMEA103956444.GCF_000814305.1_ASM81430v1_genomic.bam
#### CHECKING DEPENDENCIES ####
Current version of snakemake: 7.32.4
Expected version of snakemake: 3.13.3
WARNING: Current version of snakemake does not match expectaction. Proceed with caution
Current version of einverted: EMBOSS:6.6.0.0
Expected version of einverted: EMBOSS:6.6.0.0
Current version of bowtie2: 2.5.4
Expected version of bowtie2: 2.3.5
WARNING: Current version of bowtie2 does not match expectaction. Proceed with caution
Current version of samtools: 1.19.2
Expected version of samtools: 1.9
WARNING: Current version of samtools does not match expectaction. Proceed with caution
Current version of cd-hit: 4.8.1
Expected version of cd-hit: 4.8.1
###############################
Get help documentation with --help.
Get version with --version.
#### PARAMETERS ####
command: formatbam
in_sam: /rds/project/rds-4k08a2yyQLw/david/processed/mgefinder/bwa/SAMEA103956444.GCF_000814305.1_ASM81430v1_genomic.bwa.sam
out_bam: /rds/project/rds-4k08a2yyQLw/david/processed/mgefinder/00.bam/SAMEA103956444.GCF_000814305.1_ASM81430v1_genomic.bam
single_end: False
keep_tmp_files: False
####################
Removing secondary alignments...
>>> pair: MGEfinder pair SAMD00052621 GCF_000814305.1_ASM81430v1_genomic
Successfully removed secondary alignments...

Formatting bam file for use by mgefinder...
>>> inferseq_overlap: SAMD00052621 GCF_000814305.1_ASM81430v1_genomic
>>> bwa: read /rds/project/rds-4k08a2yyQLw/david/processed/mgefinder/00.genome/GCF_000814305.1_ASM81430v1_genomic.fna /rds/project/rds-4k08a2yyQLw/david/raw/fastq/SAMD00646128/DRR504918_1.fastq.gz /rds/project/rds-4k08a2yyQLw/david/raw/fastq/SAMD00646128/DRR504918_2.fastq.gz write /rds/project/rds-4k08a2yyQLw/david/processed/mgefinder/bwa/SAMD00646128.GCF_000814305.1_ASM81430v1_genomic.bwa.sam
SAM file successfully reformatted...

Sorting the BAM file by chromosomal location...
BAM file successfully sorted...

Index the sorted BAM file...
BAM file successfully indexed...

>>> find: read /rds/project/rds-4k08a2yyQLw/david/processed/mgefinder/00.bam/SAMEA103956443.GCF_000814305.1_ASM81430v1_genomic.bam write /rds/project/rds-4k08a2yyQLw/david/processed/mgefinder/mgefinder/GCF_000814305.1_ASM81430v1_genomic/SAMEA103956443/01.find.SAMEA103956443.GCF_000814305.1_ASM81430v1_genomic.tsv
SAM file successfully reformatted...

Sorting the BAM file by chromosomal location...
>>> pair: MGEfinder pair SAMEA103956443 GCF_000814305.1_ASM81430v1_genomic
BAM file successfully sorted...

Index the sorted BAM file...
BAM file successfully indexed...

>>> find: read /rds/project/rds-4k08a2yyQLw/david/processed/mgefinder/00.bam/SAMEA103956444.GCF_000814305.1_ASM81430v1_genomic.bam write /rds/project/rds-4k08a2yyQLw/david/processed/mgefinder/mgefinder/GCF_000814305.1_ASM81430v1_genomic/SAMEA103956444/01.find.SAMEA103956444.GCF_000814305.1_ASM81430v1_genomic.tsv
>>> bwa: read /rds/project/rds-4k08a2yyQLw/david/processed/mgefinder/00.genome/GCF_000814305.1_ASM81430v1_genomic.fna /rds/project/rds-4k08a2yyQLw/david/raw/fastq/SAMEA103956442/ERR1911022_1.fastq.gz /rds/project/rds-4k08a2yyQLw/david/raw/fastq/SAMEA103956442/ERR1911022_2.fastq.gz write /rds/project/rds-4k08a2yyQLw/david/processed/mgefinder/bwa/SAMEA103956442.GCF_000814305.1_ASM81430v1_genomic.bwa.sam
>>> pair: MGEfinder pair SAMEA103956444 GCF_000814305.1_ASM81430v1_genomic
>>> inferseq_overlap: SAMD00099771 GCF_000814305.1_ASM81430v1_genomic
>>> bwa: read /rds/project/rds-4k08a2yyQLw/david/processed/mgefinder/00.genome/GCF_000814305.1_ASM81430v1_genomic.fna /rds/project/rds-4k08a2yyQLw/david/raw/fastq/SAMD00646126/DRR504916_1.fastq.gz /rds/project/rds-4k08a2yyQLw/david/raw/fastq/SAMD00646126/DRR504916_2.fastq.gz write /rds/project/rds-4k08a2yyQLw/david/processed/mgefinder/bwa/SAMD00646126.GCF_000814305.1_ASM81430v1_genomic.bwa.sam
>>> formatbam: read /rds/project/rds-4k08a2yyQLw/david/processed/mgefinder/bwa/SAMEA103956442.GCF_000814305.1_ASM81430v1_genomic.bwa.sam write /rds/project/rds-4k08a2yyQLw/david/processed/mgefinder/00.bam/SAMEA103956442.GCF_000814305.1_ASM81430v1_genomic.bam
#### CHECKING DEPENDENCIES ####
Current version of snakemake: 7.32.4
Expected version of snakemake: 3.13.3
WARNING: Current version of snakemake does not match expectaction. Proceed with caution
Current version of einverted: EMBOSS:6.6.0.0
Expected version of einverted: EMBOSS:6.6.0.0
Current version of bowtie2: 2.5.4
Expected version of bowtie2: 2.3.5
WARNING: Current version of bowtie2 does not match expectaction. Proceed with caution
Current version of samtools: 1.19.2
Expected version of samtools: 1.9
WARNING: Current version of samtools does not match expectaction. Proceed with caution
Current version of cd-hit: 4.8.1
Expected version of cd-hit: 4.8.1
###############################
Get help documentation with --help.
Get version with --version.
#### PARAMETERS ####
command: formatbam
in_sam: /rds/project/rds-4k08a2yyQLw/david/processed/mgefinder/bwa/SAMEA103956442.GCF_000814305.1_ASM81430v1_genomic.bwa.sam
out_bam: /rds/project/rds-4k08a2yyQLw/david/processed/mgefinder/00.bam/SAMEA103956442.GCF_000814305.1_ASM81430v1_genomic.bam
single_end: False
keep_tmp_files: False
####################
Removing secondary alignments...
Successfully removed secondary alignments...

Formatting bam file for use by mgefinder...
>>> formatbam: read /rds/project/rds-4k08a2yyQLw/david/processed/mgefinder/bwa/SAMD00646127.GCF_000814305.1_ASM81430v1_genomic.bwa.sam write /rds/project/rds-4k08a2yyQLw/david/processed/mgefinder/00.bam/SAMD00646127.GCF_000814305.1_ASM81430v1_genomic.bam
#### CHECKING DEPENDENCIES ####
Current version of snakemake: 7.32.4
Expected version of snakemake: 3.13.3
WARNING: Current version of snakemake does not match expectaction. Proceed with caution
Current version of einverted: EMBOSS:6.6.0.0
Expected version of einverted: EMBOSS:6.6.0.0
Current version of bowtie2: 2.5.4
Expected version of bowtie2: 2.3.5
WARNING: Current version of bowtie2 does not match expectaction. Proceed with caution
Current version of samtools: 1.19.2
Expected version of samtools: 1.9
WARNING: Current version of samtools does not match expectaction. Proceed with caution
Current version of cd-hit: 4.8.1
Expected version of cd-hit: 4.8.1
###############################
Get help documentation with --help.
Get version with --version.
#### PARAMETERS ####
command: formatbam
in_sam: /rds/project/rds-4k08a2yyQLw/david/processed/mgefinder/bwa/SAMD00646127.GCF_000814305.1_ASM81430v1_genomic.bwa.sam
out_bam: /rds/project/rds-4k08a2yyQLw/david/processed/mgefinder/00.bam/SAMD00646127.GCF_000814305.1_ASM81430v1_genomic.bam
single_end: False
keep_tmp_files: False
####################
Removing secondary alignments...
Successfully removed secondary alignments...

Formatting bam file for use by mgefinder...
SAM file successfully reformatted...

Sorting the BAM file by chromosomal location...
BAM file successfully sorted...

Index the sorted BAM file...
BAM file successfully indexed...

>>> find: read /rds/project/rds-4k08a2yyQLw/david/processed/mgefinder/00.bam/SAMEA103956442.GCF_000814305.1_ASM81430v1_genomic.bam write /rds/project/rds-4k08a2yyQLw/david/processed/mgefinder/mgefinder/GCF_000814305.1_ASM81430v1_genomic/SAMEA103956442/01.find.SAMEA103956442.GCF_000814305.1_ASM81430v1_genomic.tsv
>>> pair: MGEfinder pair SAMEA103956442 GCF_000814305.1_ASM81430v1_genomic
>>> inferseq_overlap: SAMEA103956444 GCF_000814305.1_ASM81430v1_genomic
>>> inferseq_overlap: SAMEA103956442 GCF_000814305.1_ASM81430v1_genomic
>>> bwa: read /rds/project/rds-4k08a2yyQLw/david/processed/mgefinder/00.genome/GCF_000814305.1_ASM81430v1_genomic.fna /rds/project/rds-4k08a2yyQLw/david/raw/fastq/SAMD00052603/DRR061407_1.fastq.gz /rds/project/rds-4k08a2yyQLw/david/raw/fastq/SAMD00052603/DRR061407_2.fastq.gz write /rds/project/rds-4k08a2yyQLw/david/processed/mgefinder/bwa/SAMD00052603.GCF_000814305.1_ASM81430v1_genomic.bwa.sam
>>> formatbam: read /rds/project/rds-4k08a2yyQLw/david/processed/mgefinder/bwa/SAMD00646128.GCF_000814305.1_ASM81430v1_genomic.bwa.sam write /rds/project/rds-4k08a2yyQLw/david/processed/mgefinder/00.bam/SAMD00646128.GCF_000814305.1_ASM81430v1_genomic.bam
#### CHECKING DEPENDENCIES ####
Current version of snakemake: 7.32.4
Expected version of snakemake: 3.13.3
WARNING: Current version of snakemake does not match expectaction. Proceed with caution
Current version of einverted: EMBOSS:6.6.0.0
Expected version of einverted: EMBOSS:6.6.0.0
Current version of bowtie2: 2.5.4
Expected version of bowtie2: 2.3.5
WARNING: Current version of bowtie2 does not match expectaction. Proceed with caution
Current version of samtools: 1.19.2
Expected version of samtools: 1.9
WARNING: Current version of samtools does not match expectaction. Proceed with caution
Current version of cd-hit: 4.8.1
Expected version of cd-hit: 4.8.1
###############################
Get help documentation with --help.
Get version with --version.
#### PARAMETERS ####
command: formatbam
in_sam: /rds/project/rds-4k08a2yyQLw/david/processed/mgefinder/bwa/SAMD00646128.GCF_000814305.1_ASM81430v1_genomic.bwa.sam
out_bam: /rds/project/rds-4k08a2yyQLw/david/processed/mgefinder/00.bam/SAMD00646128.GCF_000814305.1_ASM81430v1_genomic.bam
single_end: False
keep_tmp_files: False
####################
Removing secondary alignments...
>>> formatbam: read /rds/project/rds-4k08a2yyQLw/david/processed/mgefinder/bwa/SAMD00052603.GCF_000814305.1_ASM81430v1_genomic.bwa.sam write /rds/project/rds-4k08a2yyQLw/david/processed/mgefinder/00.bam/SAMD00052603.GCF_000814305.1_ASM81430v1_genomic.bam
#### CHECKING DEPENDENCIES ####
Current version of snakemake: 7.32.4
Expected version of snakemake: 3.13.3
WARNING: Current version of snakemake does not match expectaction. Proceed with caution
Current version of einverted: EMBOSS:6.6.0.0
Expected version of einverted: EMBOSS:6.6.0.0
Current version of bowtie2: 2.5.4
Expected version of bowtie2: 2.3.5
WARNING: Current version of bowtie2 does not match expectaction. Proceed with caution
Current version of samtools: 1.19.2
Expected version of samtools: 1.9
WARNING: Current version of samtools does not match expectaction. Proceed with caution
Current version of cd-hit: 4.8.1
Expected version of cd-hit: 4.8.1
###############################
Get help documentation with --help.
Get version with --version.
#### PARAMETERS ####
command: formatbam
in_sam: /rds/project/rds-4k08a2yyQLw/david/processed/mgefinder/bwa/SAMD00052603.GCF_000814305.1_ASM81430v1_genomic.bwa.sam
out_bam: /rds/project/rds-4k08a2yyQLw/david/processed/mgefinder/00.bam/SAMD00052603.GCF_000814305.1_ASM81430v1_genomic.bam
single_end: False
keep_tmp_files: False
####################
Removing secondary alignments...
Successfully removed secondary alignments...

Formatting bam file for use by mgefinder...
Successfully removed secondary alignments...

Formatting bam file for use by mgefinder...
SAM file successfully reformatted...

Sorting the BAM file by chromosomal location...
BAM file successfully sorted...

Index the sorted BAM file...
BAM file successfully indexed...

>>> find: read /rds/project/rds-4k08a2yyQLw/david/processed/mgefinder/00.bam/SAMD00052603.GCF_000814305.1_ASM81430v1_genomic.bam write /rds/project/rds-4k08a2yyQLw/david/processed/mgefinder/mgefinder/GCF_000814305.1_ASM81430v1_genomic/SAMD00052603/01.find.SAMD00052603.GCF_000814305.1_ASM81430v1_genomic.tsv
SAM file successfully reformatted...

Sorting the BAM file by chromosomal location...
>>> formatbam: read /rds/project/rds-4k08a2yyQLw/david/processed/mgefinder/bwa/SAMD00646126.GCF_000814305.1_ASM81430v1_genomic.bwa.sam write /rds/project/rds-4k08a2yyQLw/david/processed/mgefinder/00.bam/SAMD00646126.GCF_000814305.1_ASM81430v1_genomic.bam
#### CHECKING DEPENDENCIES ####
Current version of snakemake: 7.32.4
Expected version of snakemake: 3.13.3
WARNING: Current version of snakemake does not match expectaction. Proceed with caution
Current version of einverted: EMBOSS:6.6.0.0
Expected version of einverted: EMBOSS:6.6.0.0
Current version of bowtie2: 2.5.4
Expected version of bowtie2: 2.3.5
WARNING: Current version of bowtie2 does not match expectaction. Proceed with caution
Current version of samtools: 1.19.2
Expected version of samtools: 1.9
WARNING: Current version of samtools does not match expectaction. Proceed with caution
Current version of cd-hit: 4.8.1
Expected version of cd-hit: 4.8.1
###############################
Get help documentation with --help.
Get version with --version.
#### PARAMETERS ####
command: formatbam
in_sam: /rds/project/rds-4k08a2yyQLw/david/processed/mgefinder/bwa/SAMD00646126.GCF_000814305.1_ASM81430v1_genomic.bwa.sam
out_bam: /rds/project/rds-4k08a2yyQLw/david/processed/mgefinder/00.bam/SAMD00646126.GCF_000814305.1_ASM81430v1_genomic.bam
single_end: False
keep_tmp_files: False
####################
Removing secondary alignments...
Successfully removed secondary alignments...

Formatting bam file for use by mgefinder...
SAM file successfully reformatted...

Sorting the BAM file by chromosomal location...
BAM file successfully sorted...

Index the sorted BAM file...
BAM file successfully indexed...

>>> find: read /rds/project/rds-4k08a2yyQLw/david/processed/mgefinder/00.bam/SAMD00646127.GCF_000814305.1_ASM81430v1_genomic.bam write /rds/project/rds-4k08a2yyQLw/david/processed/mgefinder/mgefinder/GCF_000814305.1_ASM81430v1_genomic/SAMD00646127/01.find.SAMD00646127.GCF_000814305.1_ASM81430v1_genomic.tsv
>>> pair: MGEfinder pair SAMD00052603 GCF_000814305.1_ASM81430v1_genomic
>>> inferseq_overlap: SAMD00052603 GCF_000814305.1_ASM81430v1_genomic
>>> inferseq_reference: SAMD00052603 GCF_000814305.1_ASM81430v1_genomic
>>> copy_assembly: read /rds/project/rds-4k08a2yyQLw/david/raw/assemblies/SAMD00052601.fa.gz write /rds/project/rds-4k08a2yyQLw/david/processed/mgefinder/00.assembly/SAMD00052601.fna
>>> copy_assembly: read /rds/project/rds-4k08a2yyQLw/david/raw/assemblies/SAMD00193197.fa.gz write /rds/project/rds-4k08a2yyQLw/david/processed/mgefinder/00.assembly/SAMD00193197.fna
>>> copy_assembly: read /rds/project/rds-4k08a2yyQLw/david/raw/assemblies/SAMEA103956443.fa.gz write /rds/project/rds-4k08a2yyQLw/david/processed/mgefinder/00.assembly/SAMEA103956443.fna
>>> copy_assembly: read /rds/project/rds-4k08a2yyQLw/david/raw/assemblies/SAMD00052621.fa.gz write /rds/project/rds-4k08a2yyQLw/david/processed/mgefinder/00.assembly/SAMD00052621.fna
>>> inferseq_overlap: SAMD00052625 GCF_000814305.1_ASM81430v1_genomic
>>> inferseq_reference: SAMEA103956442 GCF_000814305.1_ASM81430v1_genomic
>>> copy_assembly: read /rds/project/rds-4k08a2yyQLw/david/raw/assemblies/SAMD00646127.fa.gz write /rds/project/rds-4k08a2yyQLw/david/processed/mgefinder/00.assembly/SAMD00646127.fna
>>> copy_assembly: read /rds/project/rds-4k08a2yyQLw/david/raw/assemblies/SAMD00066597.fa.gz write /rds/project/rds-4k08a2yyQLw/david/processed/mgefinder/00.assembly/SAMD00066597.fna
>>> copy_assembly: read /rds/project/rds-4k08a2yyQLw/david/raw/assemblies/SAMEA103956445.fa.gz write /rds/project/rds-4k08a2yyQLw/david/processed/mgefinder/00.assembly/SAMEA103956445.fna
>>> copy_assembly: read /rds/project/rds-4k08a2yyQLw/david/raw/assemblies/SAMD00099771.fa.gz write /rds/project/rds-4k08a2yyQLw/david/processed/mgefinder/00.assembly/SAMD00099771.fna
>>> copy_assembly: read /rds/project/rds-4k08a2yyQLw/david/raw/assemblies/SAMD00646128.fa.gz write /rds/project/rds-4k08a2yyQLw/david/processed/mgefinder/00.assembly/SAMD00646128.fna
>>> copy_assembly: read /rds/project/rds-4k08a2yyQLw/david/raw/assemblies/SAMD00052625.fa.gz write /rds/project/rds-4k08a2yyQLw/david/processed/mgefinder/00.assembly/SAMD00052625.fna
>>> inferseq_reference: SAMD00052621 GCF_000814305.1_ASM81430v1_genomic
>>> copy_assembly: read /rds/project/rds-4k08a2yyQLw/david/raw/assemblies/SAMEA103956444.fa.gz write /rds/project/rds-4k08a2yyQLw/david/processed/mgefinder/00.assembly/SAMEA103956444.fna
>>> copy_assembly: read /rds/project/rds-4k08a2yyQLw/david/raw/assemblies/SAMD00052603.fa.gz write /rds/project/rds-4k08a2yyQLw/david/processed/mgefinder/00.assembly/SAMD00052603.fna
>>> copy_assembly: read /rds/project/rds-4k08a2yyQLw/david/raw/assemblies/SAMD00646126.fa.gz write /rds/project/rds-4k08a2yyQLw/david/processed/mgefinder/00.assembly/SAMD00646126.fna
>>> copy_assembly: read /rds/project/rds-4k08a2yyQLw/david/raw/assemblies/SAMEA103956442.fa.gz write /rds/project/rds-4k08a2yyQLw/david/processed/mgefinder/00.assembly/SAMEA103956442.fna
>>> inferseq_overlap: SAMEA103956443 GCF_000814305.1_ASM81430v1_genomic
>>> index_assembly: indexing assembly SAMD00052621
>>> inferseq_assembly: SAMD00052621 GCF_000814305.1_ASM81430v1_genomic
>>> index_assembly: indexing assembly SAMEA103956445
BAM file successfully sorted...

Index the sorted BAM file...
>>> inferseq_assembly: SAMEA103956445 GCF_000814305.1_ASM81430v1_genomic
BAM file successfully indexed...

>>> find: read /rds/project/rds-4k08a2yyQLw/david/processed/mgefinder/00.bam/SAMD00646128.GCF_000814305.1_ASM81430v1_genomic.bam write /rds/project/rds-4k08a2yyQLw/david/processed/mgefinder/mgefinder/GCF_000814305.1_ASM81430v1_genomic/SAMD00646128/01.find.SAMD00646128.GCF_000814305.1_ASM81430v1_genomic.tsv
>>> index_assembly: indexing assembly SAMEA103956443
>>> inferseq_assembly: SAMEA103956443 GCF_000814305.1_ASM81430v1_genomic
>>> index_assembly: indexing assembly SAMD00646127
>>> index_assembly: indexing assembly SAMD00193197
>>> inferseq_assembly: SAMD00193197 GCF_000814305.1_ASM81430v1_genomic
>>> index_assembly: indexing assembly SAMD00052601
>>> inferseq_assembly: SAMD00052601 GCF_000814305.1_ASM81430v1_genomic
>>> index_assembly: indexing assembly SAMD00066597
>>> inferseq_assembly: SAMD00066597 GCF_000814305.1_ASM81430v1_genomic
>>> inferseq_overlap: SAMD00066597 GCF_000814305.1_ASM81430v1_genomic
>>> inferseq_reference: SAMEA103956445 GCF_000814305.1_ASM81430v1_genomic
>>> inferseq_reference: SAMEA103956446 GCF_000814305.1_ASM81430v1_genomic
>>> inferseq_reference: SAMD00052625 GCF_000814305.1_ASM81430v1_genomic
>>> inferseq_reference: SAMEA103956444 GCF_000814305.1_ASM81430v1_genomic
>>> inferseq_reference: SAMD00066597 GCF_000814305.1_ASM81430v1_genomic
>>> inferseq_reference: SAMD00099771 GCF_000814305.1_ASM81430v1_genomic
>>> inferseq_overlap: SAMEA103956445 GCF_000814305.1_ASM81430v1_genomic
>>> inferseq_overlap: SAMD00052601 GCF_000814305.1_ASM81430v1_genomic
>>> inferseq_reference: SAMEA103956443 GCF_000814305.1_ASM81430v1_genomic
>>> inferseq_overlap: SAMEA103956446 GCF_000814305.1_ASM81430v1_genomic
>>> index_assembly: indexing assembly SAMEA103956442
>>> inferseq_assembly: SAMEA103956442 GCF_000814305.1_ASM81430v1_genomic
>>> index_assembly: indexing assembly SAMD00646126
>>> index_assembly: indexing assembly SAMD00052603
>>> inferseq_assembly: SAMD00052603 GCF_000814305.1_ASM81430v1_genomic
>>> index_assembly: indexing assembly SAMD00052625
>>> inferseq_assembly: SAMD00052625 GCF_000814305.1_ASM81430v1_genomic
>>> index_assembly: indexing assembly SAMEA103956444
>>> inferseq_assembly: SAMEA103956444 GCF_000814305.1_ASM81430v1_genomic
>>> index_assembly: indexing assembly SAMD00646128
>>> index_assembly: indexing assembly SAMD00099771
>>> inferseq_assembly: SAMD00099771 GCF_000814305.1_ASM81430v1_genomic
>>> inferseq_overlap: SAMD00193197 GCF_000814305.1_ASM81430v1_genomic
SAM file successfully reformatted...

Sorting the BAM file by chromosomal location...
BAM file successfully sorted...

Index the sorted BAM file...
BAM file successfully indexed...

>>> find: read /rds/project/rds-4k08a2yyQLw/david/processed/mgefinder/00.bam/SAMD00646126.GCF_000814305.1_ASM81430v1_genomic.bam write /rds/project/rds-4k08a2yyQLw/david/processed/mgefinder/mgefinder/GCF_000814305.1_ASM81430v1_genomic/SAMD00646126/01.find.SAMD00646126.GCF_000814305.1_ASM81430v1_genomic.tsv
>>> pair: MGEfinder pair SAMD00646128 GCF_000814305.1_ASM81430v1_genomic
>>> inferseq_assembly: SAMD00646128 GCF_000814305.1_ASM81430v1_genomic
>>> inferseq_reference: SAMD00646128 GCF_000814305.1_ASM81430v1_genomic
>>> inferseq_overlap: SAMD00646128 GCF_000814305.1_ASM81430v1_genomic
>>> pair: MGEfinder pair SAMD00646127 GCF_000814305.1_ASM81430v1_genomic
>>> inferseq_assembly: SAMD00646127 GCF_000814305.1_ASM81430v1_genomic
>>> inferseq_overlap: SAMD00646127 GCF_000814305.1_ASM81430v1_genomic
>>> inferseq_reference: SAMD00646127 GCF_000814305.1_ASM81430v1_genomic
>>> pair: MGEfinder pair SAMD00646126 GCF_000814305.1_ASM81430v1_genomic
>>> inferseq_assembly: SAMD00646126 GCF_000814305.1_ASM81430v1_genomic
>>> inferseq_overlap: SAMD00646126 GCF_000814305.1_ASM81430v1_genomic
>>> inferseq_reference: SAMD00646126 GCF_000814305.1_ASM81430v1_genomic
MGEfinder paths: data_dir (read) = /rds/project/rds-4k08a2yyQLw/david | wd (write) = /rds/project/rds-4k08a2yyQLw/david/processed/mgefinder
  subdirs under wd: genome_dir = /rds/project/rds-4k08a2yyQLw/david/processed/mgefinder/00.genome | assembly_dir = /rds/project/rds-4k08a2yyQLw/david/processed/mgefinder/00.assembly | bam_dir = /rds/project/rds-4k08a2yyQLw/david/processed/mgefinder/00.bam | bwa_dir = /rds/project/rds-4k08a2yyQLw/david/processed/mgefinder/bwa
MGEfinder paths: data_dir (read) = /rds/project/rds-4k08a2yyQLw/david | wd (write) = /rds/project/rds-4k08a2yyQLw/david/processed/mgefinder
  subdirs under wd: genome_dir = /rds/project/rds-4k08a2yyQLw/david/processed/mgefinder/00.genome | assembly_dir = /rds/project/rds-4k08a2yyQLw/david/processed/mgefinder/00.assembly | bam_dir = /rds/project/rds-4k08a2yyQLw/david/processed/mgefinder/00.bam | bwa_dir = /rds/project/rds-4k08a2yyQLw/david/processed/mgefinder/bwa
>>> make_database: building database for GCF_000814305.1_ASM81430v1_genomic
#### CHECKING DEPENDENCIES ####
Current version of snakemake: 7.32.4
Expected version of snakemake: 3.13.3
WARNING: Current version of snakemake does not match expectaction. Proceed with caution
Current version of einverted: EMBOSS:6.6.0.0
Expected version of einverted: EMBOSS:6.6.0.0
Current version of bowtie2: 2.5.4
Expected version of bowtie2: 2.3.5
WARNING: Current version of bowtie2 does not match expectaction. Proceed with caution
Current version of samtools: 1.19.2
Expected version of samtools: 1.9
WARNING: Current version of samtools does not match expectaction. Proceed with caution
Current version of cd-hit: 4.8.1
Expected version of cd-hit: 4.8.1
###############################
Get help documentation with --help.
Get version with --version.
#### PARAMETERS ####
command: makedatabase
inferseqfiles: ('/rds/project/rds-4k08a2yyQLw/david/processed/mgefinder/mgefinder/GCF_000814305.1_ASM81430v1_genomic/GCF_000814305.1_ASM81430v1_genomic.all_inferseq.txt',)
minimum_size: 30
maximum_size: 200000
threads: 4
memory: 16000
force: True
output_dir: /rds/project/rds-4k08a2yyQLw/david/processed/mgefinder/database/GCF_000814305.1_ASM81430v1_genomic
prefix: GCF_000814305.1_ASM81430v1_genomic.database
####################
Parsing inferseq files
Combining the inferseq files...
Loading file 1/60: /rds/project/rds-4k08a2yyQLw/david/processed/mgefinder/mgefinder/GCF_000814305.1_ASM81430v1_genomic/SAMD00052619/03.inferseq_assembly.SAMD00052619.GCF_000814305.1_ASM81430v1_genomic.tsv
Loading file 2/60: /rds/project/rds-4k08a2yyQLw/david/processed/mgefinder/mgefinder/GCF_000814305.1_ASM81430v1_genomic/SAMEA103956438/03.inferseq_assembly.SAMEA103956438.GCF_000814305.1_ASM81430v1_genomic.tsv
Loading file 3/60: /rds/project/rds-4k08a2yyQLw/david/processed/mgefinder/mgefinder/GCF_000814305.1_ASM81430v1_genomic/SAMEA103956439/03.inferseq_assembly.SAMEA103956439.GCF_000814305.1_ASM81430v1_genomic.tsv
Loading file 4/60: /rds/project/rds-4k08a2yyQLw/david/processed/mgefinder/mgefinder/GCF_000814305.1_ASM81430v1_genomic/SAMEA103956440/03.inferseq_assembly.SAMEA103956440.GCF_000814305.1_ASM81430v1_genomic.tsv
Loading file 5/60: /rds/project/rds-4k08a2yyQLw/david/processed/mgefinder/mgefinder/GCF_000814305.1_ASM81430v1_genomic/SAMEA103956441/03.inferseq_assembly.SAMEA103956441.GCF_000814305.1_ASM81430v1_genomic.tsv
Loading file 6/60: /rds/project/rds-4k08a2yyQLw/david/processed/mgefinder/mgefinder/GCF_000814305.1_ASM81430v1_genomic/SAMEA103956442/03.inferseq_assembly.SAMEA103956442.GCF_000814305.1_ASM81430v1_genomic.tsv
Loading file 7/60: /rds/project/rds-4k08a2yyQLw/david/processed/mgefinder/mgefinder/GCF_000814305.1_ASM81430v1_genomic/SAMEA103956443/03.inferseq_assembly.SAMEA103956443.GCF_000814305.1_ASM81430v1_genomic.tsv
Loading file 8/60: /rds/project/rds-4k08a2yyQLw/david/processed/mgefinder/mgefinder/GCF_000814305.1_ASM81430v1_genomic/SAMEA103956444/03.inferseq_assembly.SAMEA103956444.GCF_000814305.1_ASM81430v1_genomic.tsv
Loading file 9/60: /rds/project/rds-4k08a2yyQLw/david/processed/mgefinder/mgefinder/GCF_000814305.1_ASM81430v1_genomic/SAMEA103956445/03.inferseq_assembly.SAMEA103956445.GCF_000814305.1_ASM81430v1_genomic.tsv
Loading file 10/60: /rds/project/rds-4k08a2yyQLw/david/processed/mgefinder/mgefinder/GCF_000814305.1_ASM81430v1_genomic/SAMEA103956446/03.inferseq_assembly.SAMEA103956446.GCF_000814305.1_ASM81430v1_genomic.tsv
Loading file 11/60: /rds/project/rds-4k08a2yyQLw/david/processed/mgefinder/mgefinder/GCF_000814305.1_ASM81430v1_genomic/SAMD00052601/03.inferseq_assembly.SAMD00052601.GCF_000814305.1_ASM81430v1_genomic.tsv
Loading file 12/60: /rds/project/rds-4k08a2yyQLw/david/processed/mgefinder/mgefinder/GCF_000814305.1_ASM81430v1_genomic/SAMD00052603/03.inferseq_assembly.SAMD00052603.GCF_000814305.1_ASM81430v1_genomic.tsv
Loading file 13/60: /rds/project/rds-4k08a2yyQLw/david/processed/mgefinder/mgefinder/GCF_000814305.1_ASM81430v1_genomic/SAMD00052621/03.inferseq_assembly.SAMD00052621.GCF_000814305.1_ASM81430v1_genomic.tsv
Loading file 14/60: /rds/project/rds-4k08a2yyQLw/david/processed/mgefinder/mgefinder/GCF_000814305.1_ASM81430v1_genomic/SAMD00052625/03.inferseq_assembly.SAMD00052625.GCF_000814305.1_ASM81430v1_genomic.tsv
Loading file 15/60: /rds/project/rds-4k08a2yyQLw/david/processed/mgefinder/mgefinder/GCF_000814305.1_ASM81430v1_genomic/SAMD00066597/03.inferseq_assembly.SAMD00066597.GCF_000814305.1_ASM81430v1_genomic.tsv
Loading file 16/60: /rds/project/rds-4k08a2yyQLw/david/processed/mgefinder/mgefinder/GCF_000814305.1_ASM81430v1_genomic/SAMD00099771/03.inferseq_assembly.SAMD00099771.GCF_000814305.1_ASM81430v1_genomic.tsv
Loading file 17/60: /rds/project/rds-4k08a2yyQLw/david/processed/mgefinder/mgefinder/GCF_000814305.1_ASM81430v1_genomic/SAMD00193197/03.inferseq_assembly.SAMD00193197.GCF_000814305.1_ASM81430v1_genomic.tsv
Loading file 18/60: /rds/project/rds-4k08a2yyQLw/david/processed/mgefinder/mgefinder/GCF_000814305.1_ASM81430v1_genomic/SAMD00646126/03.inferseq_assembly.SAMD00646126.GCF_000814305.1_ASM81430v1_genomic.tsv
Loading file 19/60: /rds/project/rds-4k08a2yyQLw/david/processed/mgefinder/mgefinder/GCF_000814305.1_ASM81430v1_genomic/SAMD00646127/03.inferseq_assembly.SAMD00646127.GCF_000814305.1_ASM81430v1_genomic.tsv
Loading file 20/60: /rds/project/rds-4k08a2yyQLw/david/processed/mgefinder/mgefinder/GCF_000814305.1_ASM81430v1_genomic/SAMD00646128/03.inferseq_assembly.SAMD00646128.GCF_000814305.1_ASM81430v1_genomic.tsv
Loading file 21/60: /rds/project/rds-4k08a2yyQLw/david/processed/mgefinder/mgefinder/GCF_000814305.1_ASM81430v1_genomic/SAMD00052619/03.inferseq_reference.SAMD00052619.GCF_000814305.1_ASM81430v1_genomic.tsv
Loading file 22/60: /rds/project/rds-4k08a2yyQLw/david/processed/mgefinder/mgefinder/GCF_000814305.1_ASM81430v1_genomic/SAMEA103956438/03.inferseq_reference.SAMEA103956438.GCF_000814305.1_ASM81430v1_genomic.tsv
Loading file 23/60: /rds/project/rds-4k08a2yyQLw/david/processed/mgefinder/mgefinder/GCF_000814305.1_ASM81430v1_genomic/SAMEA103956439/03.inferseq_reference.SAMEA103956439.GCF_000814305.1_ASM81430v1_genomic.tsv
Loading file 24/60: /rds/project/rds-4k08a2yyQLw/david/processed/mgefinder/mgefinder/GCF_000814305.1_ASM81430v1_genomic/SAMEA103956440/03.inferseq_reference.SAMEA103956440.GCF_000814305.1_ASM81430v1_genomic.tsv
Loading file 25/60: /rds/project/rds-4k08a2yyQLw/david/processed/mgefinder/mgefinder/GCF_000814305.1_ASM81430v1_genomic/SAMEA103956441/03.inferseq_reference.SAMEA103956441.GCF_000814305.1_ASM81430v1_genomic.tsv
Loading file 26/60: /rds/project/rds-4k08a2yyQLw/david/processed/mgefinder/mgefinder/GCF_000814305.1_ASM81430v1_genomic/SAMEA103956442/03.inferseq_reference.SAMEA103956442.GCF_000814305.1_ASM81430v1_genomic.tsv
Loading file 27/60: /rds/project/rds-4k08a2yyQLw/david/processed/mgefinder/mgefinder/GCF_000814305.1_ASM81430v1_genomic/SAMEA103956443/03.inferseq_reference.SAMEA103956443.GCF_000814305.1_ASM81430v1_genomic.tsv
Loading file 28/60: /rds/project/rds-4k08a2yyQLw/david/processed/mgefinder/mgefinder/GCF_000814305.1_ASM81430v1_genomic/SAMEA103956444/03.inferseq_reference.SAMEA103956444.GCF_000814305.1_ASM81430v1_genomic.tsv
Loading file 29/60: /rds/project/rds-4k08a2yyQLw/david/processed/mgefinder/mgefinder/GCF_000814305.1_ASM81430v1_genomic/SAMEA103956445/03.inferseq_reference.SAMEA103956445.GCF_000814305.1_ASM81430v1_genomic.tsv
Loading file 30/60: /rds/project/rds-4k08a2yyQLw/david/processed/mgefinder/mgefinder/GCF_000814305.1_ASM81430v1_genomic/SAMEA103956446/03.inferseq_reference.SAMEA103956446.GCF_000814305.1_ASM81430v1_genomic.tsv
Loading file 31/60: /rds/project/rds-4k08a2yyQLw/david/processed/mgefinder/mgefinder/GCF_000814305.1_ASM81430v1_genomic/SAMD00052601/03.inferseq_reference.SAMD00052601.GCF_000814305.1_ASM81430v1_genomic.tsv
Loading file 32/60: /rds/project/rds-4k08a2yyQLw/david/processed/mgefinder/mgefinder/GCF_000814305.1_ASM81430v1_genomic/SAMD00052603/03.inferseq_reference.SAMD00052603.GCF_000814305.1_ASM81430v1_genomic.tsv
Loading file 33/60: /rds/project/rds-4k08a2yyQLw/david/processed/mgefinder/mgefinder/GCF_000814305.1_ASM81430v1_genomic/SAMD00052621/03.inferseq_reference.SAMD00052621.GCF_000814305.1_ASM81430v1_genomic.tsv
Loading file 34/60: /rds/project/rds-4k08a2yyQLw/david/processed/mgefinder/mgefinder/GCF_000814305.1_ASM81430v1_genomic/SAMD00052625/03.inferseq_reference.SAMD00052625.GCF_000814305.1_ASM81430v1_genomic.tsv
Loading file 35/60: /rds/project/rds-4k08a2yyQLw/david/processed/mgefinder/mgefinder/GCF_000814305.1_ASM81430v1_genomic/SAMD00066597/03.inferseq_reference.SAMD00066597.GCF_000814305.1_ASM81430v1_genomic.tsv
Loading file 36/60: /rds/project/rds-4k08a2yyQLw/david/processed/mgefinder/mgefinder/GCF_000814305.1_ASM81430v1_genomic/SAMD00099771/03.inferseq_reference.SAMD00099771.GCF_000814305.1_ASM81430v1_genomic.tsv
Loading file 37/60: /rds/project/rds-4k08a2yyQLw/david/processed/mgefinder/mgefinder/GCF_000814305.1_ASM81430v1_genomic/SAMD00193197/03.inferseq_reference.SAMD00193197.GCF_000814305.1_ASM81430v1_genomic.tsv
Loading file 38/60: /rds/project/rds-4k08a2yyQLw/david/processed/mgefinder/mgefinder/GCF_000814305.1_ASM81430v1_genomic/SAMD00646126/03.inferseq_reference.SAMD00646126.GCF_000814305.1_ASM81430v1_genomic.tsv
Loading file 39/60: /rds/project/rds-4k08a2yyQLw/david/processed/mgefinder/mgefinder/GCF_000814305.1_ASM81430v1_genomic/SAMD00646127/03.inferseq_reference.SAMD00646127.GCF_000814305.1_ASM81430v1_genomic.tsv
Loading file 40/60: /rds/project/rds-4k08a2yyQLw/david/processed/mgefinder/mgefinder/GCF_000814305.1_ASM81430v1_genomic/SAMD00646128/03.inferseq_reference.SAMD00646128.GCF_000814305.1_ASM81430v1_genomic.tsv
Loading file 41/60: /rds/project/rds-4k08a2yyQLw/david/processed/mgefinder/mgefinder/GCF_000814305.1_ASM81430v1_genomic/SAMD00052619/03.inferseq_overlap.SAMD00052619.GCF_000814305.1_ASM81430v1_genomic.tsv
Loading file 42/60: /rds/project/rds-4k08a2yyQLw/david/processed/mgefinder/mgefinder/GCF_000814305.1_ASM81430v1_genomic/SAMEA103956438/03.inferseq_overlap.SAMEA103956438.GCF_000814305.1_ASM81430v1_genomic.tsv
Loading file 43/60: /rds/project/rds-4k08a2yyQLw/david/processed/mgefinder/mgefinder/GCF_000814305.1_ASM81430v1_genomic/SAMEA103956439/03.inferseq_overlap.SAMEA103956439.GCF_000814305.1_ASM81430v1_genomic.tsv
Loading file 44/60: /rds/project/rds-4k08a2yyQLw/david/processed/mgefinder/mgefinder/GCF_000814305.1_ASM81430v1_genomic/SAMEA103956440/03.inferseq_overlap.SAMEA103956440.GCF_000814305.1_ASM81430v1_genomic.tsv
Loading file 45/60: /rds/project/rds-4k08a2yyQLw/david/processed/mgefinder/mgefinder/GCF_000814305.1_ASM81430v1_genomic/SAMEA103956441/03.inferseq_overlap.SAMEA103956441.GCF_000814305.1_ASM81430v1_genomic.tsv
Loading file 46/60: /rds/project/rds-4k08a2yyQLw/david/processed/mgefinder/mgefinder/GCF_000814305.1_ASM81430v1_genomic/SAMEA103956442/03.inferseq_overlap.SAMEA103956442.GCF_000814305.1_ASM81430v1_genomic.tsv
Loading file 47/60: /rds/project/rds-4k08a2yyQLw/david/processed/mgefinder/mgefinder/GCF_000814305.1_ASM81430v1_genomic/SAMEA103956443/03.inferseq_overlap.SAMEA103956443.GCF_000814305.1_ASM81430v1_genomic.tsv
Loading file 48/60: /rds/project/rds-4k08a2yyQLw/david/processed/mgefinder/mgefinder/GCF_000814305.1_ASM81430v1_genomic/SAMEA103956444/03.inferseq_overlap.SAMEA103956444.GCF_000814305.1_ASM81430v1_genomic.tsv
Loading file 49/60: /rds/project/rds-4k08a2yyQLw/david/processed/mgefinder/mgefinder/GCF_000814305.1_ASM81430v1_genomic/SAMEA103956445/03.inferseq_overlap.SAMEA103956445.GCF_000814305.1_ASM81430v1_genomic.tsv
Loading file 50/60: /rds/project/rds-4k08a2yyQLw/david/processed/mgefinder/mgefinder/GCF_000814305.1_ASM81430v1_genomic/SAMEA103956446/03.inferseq_overlap.SAMEA103956446.GCF_000814305.1_ASM81430v1_genomic.tsv
Loading file 51/60: /rds/project/rds-4k08a2yyQLw/david/processed/mgefinder/mgefinder/GCF_000814305.1_ASM81430v1_genomic/SAMD00052601/03.inferseq_overlap.SAMD00052601.GCF_000814305.1_ASM81430v1_genomic.tsv
Loading file 52/60: /rds/project/rds-4k08a2yyQLw/david/processed/mgefinder/mgefinder/GCF_000814305.1_ASM81430v1_genomic/SAMD00052603/03.inferseq_overlap.SAMD00052603.GCF_000814305.1_ASM81430v1_genomic.tsv
Loading file 53/60: /rds/project/rds-4k08a2yyQLw/david/processed/mgefinder/mgefinder/GCF_000814305.1_ASM81430v1_genomic/SAMD00052621/03.inferseq_overlap.SAMD00052621.GCF_000814305.1_ASM81430v1_genomic.tsv
Loading file 54/60: /rds/project/rds-4k08a2yyQLw/david/processed/mgefinder/mgefinder/GCF_000814305.1_ASM81430v1_genomic/SAMD00052625/03.inferseq_overlap.SAMD00052625.GCF_000814305.1_ASM81430v1_genomic.tsv
Loading file 55/60: /rds/project/rds-4k08a2yyQLw/david/processed/mgefinder/mgefinder/GCF_000814305.1_ASM81430v1_genomic/SAMD00066597/03.inferseq_overlap.SAMD00066597.GCF_000814305.1_ASM81430v1_genomic.tsv
Loading file 56/60: /rds/project/rds-4k08a2yyQLw/david/processed/mgefinder/mgefinder/GCF_000814305.1_ASM81430v1_genomic/SAMD00099771/03.inferseq_overlap.SAMD00099771.GCF_000814305.1_ASM81430v1_genomic.tsv
Loading file 57/60: /rds/project/rds-4k08a2yyQLw/david/processed/mgefinder/mgefinder/GCF_000814305.1_ASM81430v1_genomic/SAMD00193197/03.inferseq_overlap.SAMD00193197.GCF_000814305.1_ASM81430v1_genomic.tsv
Loading file 58/60: /rds/project/rds-4k08a2yyQLw/david/processed/mgefinder/mgefinder/GCF_000814305.1_ASM81430v1_genomic/SAMD00646126/03.inferseq_overlap.SAMD00646126.GCF_000814305.1_ASM81430v1_genomic.tsv
Loading file 59/60: /rds/project/rds-4k08a2yyQLw/david/processed/mgefinder/mgefinder/GCF_000814305.1_ASM81430v1_genomic/SAMD00646127/03.inferseq_overlap.SAMD00646127.GCF_000814305.1_ASM81430v1_genomic.tsv
Loading file 60/60: /rds/project/rds-4k08a2yyQLw/david/processed/mgefinder/mgefinder/GCF_000814305.1_ASM81430v1_genomic/SAMD00646128/03.inferseq_overlap.SAMD00646128.GCF_000814305.1_ASM81430v1_genomic.tsv
Deleting old database directory...
Clustering at 100% identity...
================================================================
Program: CD-HIT, V4.8.1 (+OpenMP), Nov 12 2024, 10:35:24
Command: cd-hit-est -g 1 -aL 0.99 -aS 0.99 -d 0 -c 0.99 -T 4
         -M 16000 -i
         /rds/project/rds-4k08a2yyQLw/david/processed/mgefinder/database/GCF_000814305.1_ASM81430v1_genomic/mgefinder.inferseq.100p.fna
         -o
         /rds/project/rds-4k08a2yyQLw/david/processed/mgefinder/database/GCF_000814305.1_ASM81430v1_genomic/mgefinder.inferseq.perc_ident.fna

Started: Sat Feb 21 19:21:58 2026
================================================================
                            Output                              
----------------------------------------------------------------
total seq: 33
longest and shortest : 40743 and 22
Total letters: 319157
Sequences have been sorted

Approximated minimal memory consumption:
Sequence        : 0M
Buffer          : 4 X 26M = 104M
Table           : 2 X 16M = 33M
Miscellaneous   : 4M
Total           : 143M

Table limit with the given memory limit:
Max number of representatives: 40000
Max number of word counting entries: 1982123579

# comparing sequences from          0  to         33
---------- new table with       25 representatives

       33  finished         25  clusters

Approximated maximum memory consumption: 144M
writing new database
writing clustering information
program completed !

Total CPU time 0.21
Indexing database for use with bowtie2
>>> inferseq_database: SAMD00193197 GCF_000814305.1_ASM81430v1_genomic
>>> inferseq_database: SAMD00646128 GCF_000814305.1_ASM81430v1_genomic
>>> inferseq_database: SAMEA103956442 GCF_000814305.1_ASM81430v1_genomic
>>> inferseq_database: SAMD00052619 GCF_000814305.1_ASM81430v1_genomic
>>> inferseq_database: SAMEA103956446 GCF_000814305.1_ASM81430v1_genomic
>>> inferseq_database: SAMD00646127 GCF_000814305.1_ASM81430v1_genomic
>>> inferseq_database: SAMD00052621 GCF_000814305.1_ASM81430v1_genomic
>>> inferseq_database: SAMD00066597 GCF_000814305.1_ASM81430v1_genomic
>>> inferseq_database: SAMEA103956439 GCF_000814305.1_ASM81430v1_genomic
>>> inferseq_database: SAMEA103956441 GCF_000814305.1_ASM81430v1_genomic
>>> inferseq_database: SAMEA103956443 GCF_000814305.1_ASM81430v1_genomic
>>> inferseq_database: SAMD00052601 GCF_000814305.1_ASM81430v1_genomic
>>> inferseq_database: SAMEA103956444 GCF_000814305.1_ASM81430v1_genomic
>>> inferseq_database: SAMEA103956440 GCF_000814305.1_ASM81430v1_genomic
>>> inferseq_database: SAMD00646126 GCF_000814305.1_ASM81430v1_genomic
>>> inferseq_database: SAMD00099771 GCF_000814305.1_ASM81430v1_genomic
>>> inferseq_database: SAMD00052603 GCF_000814305.1_ASM81430v1_genomic
>>> inferseq_database: SAMEA103956438 GCF_000814305.1_ASM81430v1_genomic
>>> inferseq_database: SAMD00052625 GCF_000814305.1_ASM81430v1_genomic
>>> inferseq_database: SAMEA103956445 GCF_000814305.1_ASM81430v1_genomic
MGEfinder paths: data_dir (read) = /rds/project/rds-4k08a2yyQLw/david | wd (write) = /rds/project/rds-4k08a2yyQLw/david/processed/mgefinder
  subdirs under wd: genome_dir = /rds/project/rds-4k08a2yyQLw/david/processed/mgefinder/00.genome | assembly_dir = /rds/project/rds-4k08a2yyQLw/david/processed/mgefinder/00.assembly | bam_dir = /rds/project/rds-4k08a2yyQLw/david/processed/mgefinder/00.bam | bwa_dir = /rds/project/rds-4k08a2yyQLw/david/processed/mgefinder/bwa
>>> clusterseq: clustering sequences for GCF_000814305.1_ASM81430v1_genomic
#### CHECKING DEPENDENCIES ####
Current version of snakemake: 7.32.4
Expected version of snakemake: 3.13.3
WARNING: Current version of snakemake does not match expectaction. Proceed with caution
Current version of einverted: EMBOSS:6.6.0.0
Expected version of einverted: EMBOSS:6.6.0.0
Current version of bowtie2: 2.5.4
Expected version of bowtie2: 2.3.5
WARNING: Current version of bowtie2 does not match expectaction. Proceed with caution
Current version of samtools: 1.19.2
Expected version of samtools: 1.9
WARNING: Current version of samtools does not match expectaction. Proceed with caution
Current version of cd-hit: 4.8.1
Expected version of cd-hit: 4.8.1
###############################
Get help documentation with --help.
Get version with --version.
#### PARAMETERS ####
command: clusterseq
inferseqfiles: ('/rds/project/rds-4k08a2yyQLw/david/processed/mgefinder/mgefinder/GCF_000814305.1_ASM81430v1_genomic/GCF_000814305.1_ASM81430v1_genomic.all_inferseq_database.txt',)
minimum_size: 70
maximum_size: 200000
threads: 4
memory: 16000
output_file: /rds/project/rds-4k08a2yyQLw/david/processed/mgefinder/results/GCF_000814305.1_ASM81430v1_genomic/01.clusterseq.GCF_000814305.1_ASM81430v1_genomic.tsv
####################
Parsing inferseq files
Combining the inferseq files...
Loading file 1/80: /rds/project/rds-4k08a2yyQLw/david/processed/mgefinder/mgefinder/GCF_000814305.1_ASM81430v1_genomic/SAMD00052619/03.inferseq_assembly.SAMD00052619.GCF_000814305.1_ASM81430v1_genomic.tsv
Loading file 2/80: /rds/project/rds-4k08a2yyQLw/david/processed/mgefinder/mgefinder/GCF_000814305.1_ASM81430v1_genomic/SAMEA103956438/03.inferseq_assembly.SAMEA103956438.GCF_000814305.1_ASM81430v1_genomic.tsv
Loading file 3/80: /rds/project/rds-4k08a2yyQLw/david/processed/mgefinder/mgefinder/GCF_000814305.1_ASM81430v1_genomic/SAMEA103956439/03.inferseq_assembly.SAMEA103956439.GCF_000814305.1_ASM81430v1_genomic.tsv
Loading file 4/80: /rds/project/rds-4k08a2yyQLw/david/processed/mgefinder/mgefinder/GCF_000814305.1_ASM81430v1_genomic/SAMEA103956440/03.inferseq_assembly.SAMEA103956440.GCF_000814305.1_ASM81430v1_genomic.tsv
Loading file 5/80: /rds/project/rds-4k08a2yyQLw/david/processed/mgefinder/mgefinder/GCF_000814305.1_ASM81430v1_genomic/SAMEA103956441/03.inferseq_assembly.SAMEA103956441.GCF_000814305.1_ASM81430v1_genomic.tsv
Loading file 6/80: /rds/project/rds-4k08a2yyQLw/david/processed/mgefinder/mgefinder/GCF_000814305.1_ASM81430v1_genomic/SAMEA103956442/03.inferseq_assembly.SAMEA103956442.GCF_000814305.1_ASM81430v1_genomic.tsv
Loading file 7/80: /rds/project/rds-4k08a2yyQLw/david/processed/mgefinder/mgefinder/GCF_000814305.1_ASM81430v1_genomic/SAMEA103956443/03.inferseq_assembly.SAMEA103956443.GCF_000814305.1_ASM81430v1_genomic.tsv
Loading file 8/80: /rds/project/rds-4k08a2yyQLw/david/processed/mgefinder/mgefinder/GCF_000814305.1_ASM81430v1_genomic/SAMEA103956444/03.inferseq_assembly.SAMEA103956444.GCF_000814305.1_ASM81430v1_genomic.tsv
Loading file 9/80: /rds/project/rds-4k08a2yyQLw/david/processed/mgefinder/mgefinder/GCF_000814305.1_ASM81430v1_genomic/SAMEA103956445/03.inferseq_assembly.SAMEA103956445.GCF_000814305.1_ASM81430v1_genomic.tsv
Loading file 10/80: /rds/project/rds-4k08a2yyQLw/david/processed/mgefinder/mgefinder/GCF_000814305.1_ASM81430v1_genomic/SAMEA103956446/03.inferseq_assembly.SAMEA103956446.GCF_000814305.1_ASM81430v1_genomic.tsv
Loading file 11/80: /rds/project/rds-4k08a2yyQLw/david/processed/mgefinder/mgefinder/GCF_000814305.1_ASM81430v1_genomic/SAMD00052601/03.inferseq_assembly.SAMD00052601.GCF_000814305.1_ASM81430v1_genomic.tsv
Loading file 12/80: /rds/project/rds-4k08a2yyQLw/david/processed/mgefinder/mgefinder/GCF_000814305.1_ASM81430v1_genomic/SAMD00052603/03.inferseq_assembly.SAMD00052603.GCF_000814305.1_ASM81430v1_genomic.tsv
Loading file 13/80: /rds/project/rds-4k08a2yyQLw/david/processed/mgefinder/mgefinder/GCF_000814305.1_ASM81430v1_genomic/SAMD00052621/03.inferseq_assembly.SAMD00052621.GCF_000814305.1_ASM81430v1_genomic.tsv
Loading file 14/80: /rds/project/rds-4k08a2yyQLw/david/processed/mgefinder/mgefinder/GCF_000814305.1_ASM81430v1_genomic/SAMD00052625/03.inferseq_assembly.SAMD00052625.GCF_000814305.1_ASM81430v1_genomic.tsv
Loading file 15/80: /rds/project/rds-4k08a2yyQLw/david/processed/mgefinder/mgefinder/GCF_000814305.1_ASM81430v1_genomic/SAMD00066597/03.inferseq_assembly.SAMD00066597.GCF_000814305.1_ASM81430v1_genomic.tsv
Loading file 16/80: /rds/project/rds-4k08a2yyQLw/david/processed/mgefinder/mgefinder/GCF_000814305.1_ASM81430v1_genomic/SAMD00099771/03.inferseq_assembly.SAMD00099771.GCF_000814305.1_ASM81430v1_genomic.tsv
Loading file 17/80: /rds/project/rds-4k08a2yyQLw/david/processed/mgefinder/mgefinder/GCF_000814305.1_ASM81430v1_genomic/SAMD00193197/03.inferseq_assembly.SAMD00193197.GCF_000814305.1_ASM81430v1_genomic.tsv
Loading file 18/80: /rds/project/rds-4k08a2yyQLw/david/processed/mgefinder/mgefinder/GCF_000814305.1_ASM81430v1_genomic/SAMD00646126/03.inferseq_assembly.SAMD00646126.GCF_000814305.1_ASM81430v1_genomic.tsv
Loading file 19/80: /rds/project/rds-4k08a2yyQLw/david/processed/mgefinder/mgefinder/GCF_000814305.1_ASM81430v1_genomic/SAMD00646127/03.inferseq_assembly.SAMD00646127.GCF_000814305.1_ASM81430v1_genomic.tsv
Loading file 20/80: /rds/project/rds-4k08a2yyQLw/david/processed/mgefinder/mgefinder/GCF_000814305.1_ASM81430v1_genomic/SAMD00646128/03.inferseq_assembly.SAMD00646128.GCF_000814305.1_ASM81430v1_genomic.tsv
Loading file 21/80: /rds/project/rds-4k08a2yyQLw/david/processed/mgefinder/mgefinder/GCF_000814305.1_ASM81430v1_genomic/SAMD00052619/03.inferseq_reference.SAMD00052619.GCF_000814305.1_ASM81430v1_genomic.tsv
Loading file 22/80: /rds/project/rds-4k08a2yyQLw/david/processed/mgefinder/mgefinder/GCF_000814305.1_ASM81430v1_genomic/SAMEA103956438/03.inferseq_reference.SAMEA103956438.GCF_000814305.1_ASM81430v1_genomic.tsv
Loading file 23/80: /rds/project/rds-4k08a2yyQLw/david/processed/mgefinder/mgefinder/GCF_000814305.1_ASM81430v1_genomic/SAMEA103956439/03.inferseq_reference.SAMEA103956439.GCF_000814305.1_ASM81430v1_genomic.tsv
Loading file 24/80: /rds/project/rds-4k08a2yyQLw/david/processed/mgefinder/mgefinder/GCF_000814305.1_ASM81430v1_genomic/SAMEA103956440/03.inferseq_reference.SAMEA103956440.GCF_000814305.1_ASM81430v1_genomic.tsv
Loading file 25/80: /rds/project/rds-4k08a2yyQLw/david/processed/mgefinder/mgefinder/GCF_000814305.1_ASM81430v1_genomic/SAMEA103956441/03.inferseq_reference.SAMEA103956441.GCF_000814305.1_ASM81430v1_genomic.tsv
Loading file 26/80: /rds/project/rds-4k08a2yyQLw/david/processed/mgefinder/mgefinder/GCF_000814305.1_ASM81430v1_genomic/SAMEA103956442/03.inferseq_reference.SAMEA103956442.GCF_000814305.1_ASM81430v1_genomic.tsv
Loading file 27/80: /rds/project/rds-4k08a2yyQLw/david/processed/mgefinder/mgefinder/GCF_000814305.1_ASM81430v1_genomic/SAMEA103956443/03.inferseq_reference.SAMEA103956443.GCF_000814305.1_ASM81430v1_genomic.tsv
Loading file 28/80: /rds/project/rds-4k08a2yyQLw/david/processed/mgefinder/mgefinder/GCF_000814305.1_ASM81430v1_genomic/SAMEA103956444/03.inferseq_reference.SAMEA103956444.GCF_000814305.1_ASM81430v1_genomic.tsv
Loading file 29/80: /rds/project/rds-4k08a2yyQLw/david/processed/mgefinder/mgefinder/GCF_000814305.1_ASM81430v1_genomic/SAMEA103956445/03.inferseq_reference.SAMEA103956445.GCF_000814305.1_ASM81430v1_genomic.tsv
Loading file 30/80: /rds/project/rds-4k08a2yyQLw/david/processed/mgefinder/mgefinder/GCF_000814305.1_ASM81430v1_genomic/SAMEA103956446/03.inferseq_reference.SAMEA103956446.GCF_000814305.1_ASM81430v1_genomic.tsv
Loading file 31/80: /rds/project/rds-4k08a2yyQLw/david/processed/mgefinder/mgefinder/GCF_000814305.1_ASM81430v1_genomic/SAMD00052601/03.inferseq_reference.SAMD00052601.GCF_000814305.1_ASM81430v1_genomic.tsv
Loading file 32/80: /rds/project/rds-4k08a2yyQLw/david/processed/mgefinder/mgefinder/GCF_000814305.1_ASM81430v1_genomic/SAMD00052603/03.inferseq_reference.SAMD00052603.GCF_000814305.1_ASM81430v1_genomic.tsv
Loading file 33/80: /rds/project/rds-4k08a2yyQLw/david/processed/mgefinder/mgefinder/GCF_000814305.1_ASM81430v1_genomic/SAMD00052621/03.inferseq_reference.SAMD00052621.GCF_000814305.1_ASM81430v1_genomic.tsv
Loading file 34/80: /rds/project/rds-4k08a2yyQLw/david/processed/mgefinder/mgefinder/GCF_000814305.1_ASM81430v1_genomic/SAMD00052625/03.inferseq_reference.SAMD00052625.GCF_000814305.1_ASM81430v1_genomic.tsv
Loading file 35/80: /rds/project/rds-4k08a2yyQLw/david/processed/mgefinder/mgefinder/GCF_000814305.1_ASM81430v1_genomic/SAMD00066597/03.inferseq_reference.SAMD00066597.GCF_000814305.1_ASM81430v1_genomic.tsv
Loading file 36/80: /rds/project/rds-4k08a2yyQLw/david/processed/mgefinder/mgefinder/GCF_000814305.1_ASM81430v1_genomic/SAMD00099771/03.inferseq_reference.SAMD00099771.GCF_000814305.1_ASM81430v1_genomic.tsv
Loading file 37/80: /rds/project/rds-4k08a2yyQLw/david/processed/mgefinder/mgefinder/GCF_000814305.1_ASM81430v1_genomic/SAMD00193197/03.inferseq_reference.SAMD00193197.GCF_000814305.1_ASM81430v1_genomic.tsv
Loading file 38/80: /rds/project/rds-4k08a2yyQLw/david/processed/mgefinder/mgefinder/GCF_000814305.1_ASM81430v1_genomic/SAMD00646126/03.inferseq_reference.SAMD00646126.GCF_000814305.1_ASM81430v1_genomic.tsv
Loading file 39/80: /rds/project/rds-4k08a2yyQLw/david/processed/mgefinder/mgefinder/GCF_000814305.1_ASM81430v1_genomic/SAMD00646127/03.inferseq_reference.SAMD00646127.GCF_000814305.1_ASM81430v1_genomic.tsv
Loading file 40/80: /rds/project/rds-4k08a2yyQLw/david/processed/mgefinder/mgefinder/GCF_000814305.1_ASM81430v1_genomic/SAMD00646128/03.inferseq_reference.SAMD00646128.GCF_000814305.1_ASM81430v1_genomic.tsv
Loading file 41/80: /rds/project/rds-4k08a2yyQLw/david/processed/mgefinder/mgefinder/GCF_000814305.1_ASM81430v1_genomic/SAMD00052619/03.inferseq_overlap.SAMD00052619.GCF_000814305.1_ASM81430v1_genomic.tsv
Loading file 42/80: /rds/project/rds-4k08a2yyQLw/david/processed/mgefinder/mgefinder/GCF_000814305.1_ASM81430v1_genomic/SAMEA103956438/03.inferseq_overlap.SAMEA103956438.GCF_000814305.1_ASM81430v1_genomic.tsv
Loading file 43/80: /rds/project/rds-4k08a2yyQLw/david/processed/mgefinder/mgefinder/GCF_000814305.1_ASM81430v1_genomic/SAMEA103956439/03.inferseq_overlap.SAMEA103956439.GCF_000814305.1_ASM81430v1_genomic.tsv
Loading file 44/80: /rds/project/rds-4k08a2yyQLw/david/processed/mgefinder/mgefinder/GCF_000814305.1_ASM81430v1_genomic/SAMEA103956440/03.inferseq_overlap.SAMEA103956440.GCF_000814305.1_ASM81430v1_genomic.tsv
Loading file 45/80: /rds/project/rds-4k08a2yyQLw/david/processed/mgefinder/mgefinder/GCF_000814305.1_ASM81430v1_genomic/SAMEA103956441/03.inferseq_overlap.SAMEA103956441.GCF_000814305.1_ASM81430v1_genomic.tsv
Loading file 46/80: /rds/project/rds-4k08a2yyQLw/david/processed/mgefinder/mgefinder/GCF_000814305.1_ASM81430v1_genomic/SAMEA103956442/03.inferseq_overlap.SAMEA103956442.GCF_000814305.1_ASM81430v1_genomic.tsv
Loading file 47/80: /rds/project/rds-4k08a2yyQLw/david/processed/mgefinder/mgefinder/GCF_000814305.1_ASM81430v1_genomic/SAMEA103956443/03.inferseq_overlap.SAMEA103956443.GCF_000814305.1_ASM81430v1_genomic.tsv
Loading file 48/80: /rds/project/rds-4k08a2yyQLw/david/processed/mgefinder/mgefinder/GCF_000814305.1_ASM81430v1_genomic/SAMEA103956444/03.inferseq_overlap.SAMEA103956444.GCF_000814305.1_ASM81430v1_genomic.tsv
Loading file 49/80: /rds/project/rds-4k08a2yyQLw/david/processed/mgefinder/mgefinder/GCF_000814305.1_ASM81430v1_genomic/SAMEA103956445/03.inferseq_overlap.SAMEA103956445.GCF_000814305.1_ASM81430v1_genomic.tsv
Loading file 50/80: /rds/project/rds-4k08a2yyQLw/david/processed/mgefinder/mgefinder/GCF_000814305.1_ASM81430v1_genomic/SAMEA103956446/03.inferseq_overlap.SAMEA103956446.GCF_000814305.1_ASM81430v1_genomic.tsv
Loading file 51/80: /rds/project/rds-4k08a2yyQLw/david/processed/mgefinder/mgefinder/GCF_000814305.1_ASM81430v1_genomic/SAMD00052601/03.inferseq_overlap.SAMD00052601.GCF_000814305.1_ASM81430v1_genomic.tsv
Loading file 52/80: /rds/project/rds-4k08a2yyQLw/david/processed/mgefinder/mgefinder/GCF_000814305.1_ASM81430v1_genomic/SAMD00052603/03.inferseq_overlap.SAMD00052603.GCF_000814305.1_ASM81430v1_genomic.tsv
Loading file 53/80: /rds/project/rds-4k08a2yyQLw/david/processed/mgefinder/mgefinder/GCF_000814305.1_ASM81430v1_genomic/SAMD00052621/03.inferseq_overlap.SAMD00052621.GCF_000814305.1_ASM81430v1_genomic.tsv
Loading file 54/80: /rds/project/rds-4k08a2yyQLw/david/processed/mgefinder/mgefinder/GCF_000814305.1_ASM81430v1_genomic/SAMD00052625/03.inferseq_overlap.SAMD00052625.GCF_000814305.1_ASM81430v1_genomic.tsv
Loading file 55/80: /rds/project/rds-4k08a2yyQLw/david/processed/mgefinder/mgefinder/GCF_000814305.1_ASM81430v1_genomic/SAMD00066597/03.inferseq_overlap.SAMD00066597.GCF_000814305.1_ASM81430v1_genomic.tsv
Loading file 56/80: /rds/project/rds-4k08a2yyQLw/david/processed/mgefinder/mgefinder/GCF_000814305.1_ASM81430v1_genomic/SAMD00099771/03.inferseq_overlap.SAMD00099771.GCF_000814305.1_ASM81430v1_genomic.tsv
Loading file 57/80: /rds/project/rds-4k08a2yyQLw/david/processed/mgefinder/mgefinder/GCF_000814305.1_ASM81430v1_genomic/SAMD00193197/03.inferseq_overlap.SAMD00193197.GCF_000814305.1_ASM81430v1_genomic.tsv
Loading file 58/80: /rds/project/rds-4k08a2yyQLw/david/processed/mgefinder/mgefinder/GCF_000814305.1_ASM81430v1_genomic/SAMD00646126/03.inferseq_overlap.SAMD00646126.GCF_000814305.1_ASM81430v1_genomic.tsv
Loading file 59/80: /rds/project/rds-4k08a2yyQLw/david/processed/mgefinder/mgefinder/GCF_000814305.1_ASM81430v1_genomic/SAMD00646127/03.inferseq_overlap.SAMD00646127.GCF_000814305.1_ASM81430v1_genomic.tsv
Loading file 60/80: /rds/project/rds-4k08a2yyQLw/david/processed/mgefinder/mgefinder/GCF_000814305.1_ASM81430v1_genomic/SAMD00646128/03.inferseq_overlap.SAMD00646128.GCF_000814305.1_ASM81430v1_genomic.tsv
Loading file 61/80: /rds/project/rds-4k08a2yyQLw/david/processed/mgefinder/mgefinder/GCF_000814305.1_ASM81430v1_genomic/SAMD00052619/04.inferseq_database.SAMD00052619.GCF_000814305.1_ASM81430v1_genomic.tsv
Loading file 62/80: /rds/project/rds-4k08a2yyQLw/david/processed/mgefinder/mgefinder/GCF_000814305.1_ASM81430v1_genomic/SAMEA103956438/04.inferseq_database.SAMEA103956438.GCF_000814305.1_ASM81430v1_genomic.tsv
Loading file 63/80: /rds/project/rds-4k08a2yyQLw/david/processed/mgefinder/mgefinder/GCF_000814305.1_ASM81430v1_genomic/SAMEA103956439/04.inferseq_database.SAMEA103956439.GCF_000814305.1_ASM81430v1_genomic.tsv
Loading file 64/80: /rds/project/rds-4k08a2yyQLw/david/processed/mgefinder/mgefinder/GCF_000814305.1_ASM81430v1_genomic/SAMEA103956440/04.inferseq_database.SAMEA103956440.GCF_000814305.1_ASM81430v1_genomic.tsv
Loading file 65/80: /rds/project/rds-4k08a2yyQLw/david/processed/mgefinder/mgefinder/GCF_000814305.1_ASM81430v1_genomic/SAMEA103956441/04.inferseq_database.SAMEA103956441.GCF_000814305.1_ASM81430v1_genomic.tsv
Loading file 66/80: /rds/project/rds-4k08a2yyQLw/david/processed/mgefinder/mgefinder/GCF_000814305.1_ASM81430v1_genomic/SAMEA103956442/04.inferseq_database.SAMEA103956442.GCF_000814305.1_ASM81430v1_genomic.tsv
Loading file 67/80: /rds/project/rds-4k08a2yyQLw/david/processed/mgefinder/mgefinder/GCF_000814305.1_ASM81430v1_genomic/SAMEA103956443/04.inferseq_database.SAMEA103956443.GCF_000814305.1_ASM81430v1_genomic.tsv
Loading file 68/80: /rds/project/rds-4k08a2yyQLw/david/processed/mgefinder/mgefinder/GCF_000814305.1_ASM81430v1_genomic/SAMEA103956444/04.inferseq_database.SAMEA103956444.GCF_000814305.1_ASM81430v1_genomic.tsv
Loading file 69/80: /rds/project/rds-4k08a2yyQLw/david/processed/mgefinder/mgefinder/GCF_000814305.1_ASM81430v1_genomic/SAMEA103956445/04.inferseq_database.SAMEA103956445.GCF_000814305.1_ASM81430v1_genomic.tsv
Loading file 70/80: /rds/project/rds-4k08a2yyQLw/david/processed/mgefinder/mgefinder/GCF_000814305.1_ASM81430v1_genomic/SAMEA103956446/04.inferseq_database.SAMEA103956446.GCF_000814305.1_ASM81430v1_genomic.tsv
Loading file 71/80: /rds/project/rds-4k08a2yyQLw/david/processed/mgefinder/mgefinder/GCF_000814305.1_ASM81430v1_genomic/SAMD00052601/04.inferseq_database.SAMD00052601.GCF_000814305.1_ASM81430v1_genomic.tsv
Loading file 72/80: /rds/project/rds-4k08a2yyQLw/david/processed/mgefinder/mgefinder/GCF_000814305.1_ASM81430v1_genomic/SAMD00052603/04.inferseq_database.SAMD00052603.GCF_000814305.1_ASM81430v1_genomic.tsv
Loading file 73/80: /rds/project/rds-4k08a2yyQLw/david/processed/mgefinder/mgefinder/GCF_000814305.1_ASM81430v1_genomic/SAMD00052621/04.inferseq_database.SAMD00052621.GCF_000814305.1_ASM81430v1_genomic.tsv
Loading file 74/80: /rds/project/rds-4k08a2yyQLw/david/processed/mgefinder/mgefinder/GCF_000814305.1_ASM81430v1_genomic/SAMD00052625/04.inferseq_database.SAMD00052625.GCF_000814305.1_ASM81430v1_genomic.tsv
Loading file 75/80: /rds/project/rds-4k08a2yyQLw/david/processed/mgefinder/mgefinder/GCF_000814305.1_ASM81430v1_genomic/SAMD00066597/04.inferseq_database.SAMD00066597.GCF_000814305.1_ASM81430v1_genomic.tsv
Loading file 76/80: /rds/project/rds-4k08a2yyQLw/david/processed/mgefinder/mgefinder/GCF_000814305.1_ASM81430v1_genomic/SAMD00099771/04.inferseq_database.SAMD00099771.GCF_000814305.1_ASM81430v1_genomic.tsv
Loading file 77/80: /rds/project/rds-4k08a2yyQLw/david/processed/mgefinder/mgefinder/GCF_000814305.1_ASM81430v1_genomic/SAMD00193197/04.inferseq_database.SAMD00193197.GCF_000814305.1_ASM81430v1_genomic.tsv
Loading file 78/80: /rds/project/rds-4k08a2yyQLw/david/processed/mgefinder/mgefinder/GCF_000814305.1_ASM81430v1_genomic/SAMD00646126/04.inferseq_database.SAMD00646126.GCF_000814305.1_ASM81430v1_genomic.tsv
Loading file 79/80: /rds/project/rds-4k08a2yyQLw/david/processed/mgefinder/mgefinder/GCF_000814305.1_ASM81430v1_genomic/SAMD00646127/04.inferseq_database.SAMD00646127.GCF_000814305.1_ASM81430v1_genomic.tsv
Loading file 80/80: /rds/project/rds-4k08a2yyQLw/david/processed/mgefinder/mgefinder/GCF_000814305.1_ASM81430v1_genomic/SAMD00646128/04.inferseq_database.SAMD00646128.GCF_000814305.1_ASM81430v1_genomic.tsv
Clustering at 100% identity...
================================================================
Program: CD-HIT, V4.8.1 (+OpenMP), Nov 12 2024, 10:35:24
Command: cd-hit-est -g 1 -aL 0.85 -aS 0.85 -d 0 -c 0.9 -T 4 -M
         16000 -i
         /rds/project/rds-4k08a2yyQLw/david/processed/mgefinder/results/GCF_000814305.1_ASM81430v1_genomic/01.clusterseq.GCF_000814305.1_ASM81430v1_genomic.tsv.clusterseq.100p.fna
         -o
         /rds/project/rds-4k08a2yyQLw/david/processed/mgefinder/results/GCF_000814305.1_ASM81430v1_genomic/01.clusterseq.GCF_000814305.1_ASM81430v1_genomic.tsv.clusterseq.perc_ident.fna

Started: Sat Feb 21 19:22:14 2026
================================================================
                            Output                              
----------------------------------------------------------------
total seq: 32
longest and shortest : 40743 and 99
Total letters: 319135
Sequences have been sorted

Approximated minimal memory consumption:
Sequence        : 0M
Buffer          : 4 X 26M = 104M
Table           : 2 X 16M = 33M
Miscellaneous   : 4M
Total           : 143M

Table limit with the given memory limit:
Max number of representatives: 40000
Max number of word counting entries: 1982123607

# comparing sequences from          0  to         32
---------- new table with       21 representatives

       32  finished         21  clusters

Approximated maximum memory consumption: 144M
writing new database
writing clustering information
program completed !

Total CPU time 0.64
Saving results to file /rds/project/rds-4k08a2yyQLw/david/processed/mgefinder/results/GCF_000814305.1_ASM81430v1_genomic/01.clusterseq.GCF_000814305.1_ASM81430v1_genomic.tsv
>>> summarize: summarizing results for GCF_000814305.1_ASM81430v1_genomic
>>> makefasta: extracting fasta for GCF_000814305.1_ASM81430v1_genomic
MGEfinder paths: data_dir (read) = /rds/project/rds-4k08a2yyQLw/david | wd (write) = /rds/project/rds-4k08a2yyQLw/david/processed/mgefinder
  subdirs under wd: genome_dir = /rds/project/rds-4k08a2yyQLw/david/processed/mgefinder/00.genome | assembly_dir = /rds/project/rds-4k08a2yyQLw/david/processed/mgefinder/00.assembly | bam_dir = /rds/project/rds-4k08a2yyQLw/david/processed/mgefinder/00.bam | bwa_dir = /rds/project/rds-4k08a2yyQLw/david/processed/mgefinder/bwa
MGEfinder paths: data_dir (read) = /rds/project/rds-4k08a2yyQLw/david | wd (write) = /rds/project/rds-4k08a2yyQLw/david/processed/mgefinder
  subdirs under wd: genome_dir = /rds/project/rds-4k08a2yyQLw/david/processed/mgefinder/00.genome | assembly_dir = /rds/project/rds-4k08a2yyQLw/david/processed/mgefinder/00.assembly | bam_dir = /rds/project/rds-4k08a2yyQLw/david/processed/mgefinder/00.bam | bwa_dir = /rds/project/rds-4k08a2yyQLw/david/processed/mgefinder/bwa
>>> Pipeline setup: wd=/rds/project/rds-4k08a2yyQLw/david/processed/mgefinder, reference=GCF_000814305.1_ASM81430v1_genomic
>>> Comparison samples: 20 (SAMD00052619, SAMEA103956438, SAMEA103956439...)
>>> Data prep: snakemake; Snakemake (no conda): mgefinder_env

======================================================================
PHASE 1: DATA PREPARATION
======================================================================
>>> FASTQ downloads (fastq-dl environment; TODO: fastq-dl env may lack pyyaml - consider adding deps to snakemake env and running from there, or use --skip-download when samples exist)

>>> SKIPPING FASTQ downloads (--skip-download)

======================================================================
PHASE 1b: DATASET GENERATION
======================================================================
>>> Generate dataset
    Environment: snakemake
    Command: python3 src/generate_mgefinder_dataset.py --config config/config.yaml --row 0 --out /rds/project/rds-4k08a2yyQLw/david/processed/mgefinder/mgefinder_dataset.txt

======================================================================
PHASE 3: SNAKEMAKE PIPELINE
======================================================================
>>> Created config/.mge_merged_config.yaml (config + genomes)
>>> Run Snakemake pipeline
    Environment: mgefinder_env
    Command: snakemake --configfile /home/dca36/workspace/Klebsiella_Mobile_Elements/config/.mge_merged_config.yaml --directory /rds/project/rds-4k08a2yyQLw/david/processed/mgefinder -j 4 all --printshellcmds -p

>>> Pipeline completed successfully!
    Results in: /rds/project/rds-4k08a2yyQLw/david/processed/mgefinder/results/GCF_000814305.1_ASM81430v1_genomic/
>>> Running pipeline for row 1...
Wrote 20 rows to /rds/project/rds-4k08a2yyQLw/david/processed/mgefinder/mgefinder_dataset.txt
Reference for this run: GCF_001701845.2_ASM170184v2_genomic
>>> copy_genome: read /rds/project/rds-4k08a2yyQLw/david/raw/assemblies/GCF_001701845.2_ASM170184v2_genomic.fna.gz write /rds/project/rds-4k08a2yyQLw/david/processed/mgefinder/00.genome/GCF_001701845.2_ASM170184v2_genomic.fna
>>> bwa_index: read /rds/project/rds-4k08a2yyQLw/david/processed/mgefinder/00.genome/GCF_001701845.2_ASM170184v2_genomic.fna write /rds/project/rds-4k08a2yyQLw/david/processed/mgefinder/00.genome/GCF_001701845.2_ASM170184v2_genomic.fna.amb
>>> index_genome_bowtie2: indexing GCF_001701845.2_ASM170184v2_genomic
>>> bwa: read /rds/project/rds-4k08a2yyQLw/david/processed/mgefinder/00.genome/GCF_001701845.2_ASM170184v2_genomic.fna /rds/project/rds-4k08a2yyQLw/david/raw/fastq/SAMD00646128/DRR504918_1.fastq.gz /rds/project/rds-4k08a2yyQLw/david/raw/fastq/SAMD00646128/DRR504918_2.fastq.gz write /rds/project/rds-4k08a2yyQLw/david/processed/mgefinder/bwa/SAMD00646128.GCF_001701845.2_ASM170184v2_genomic.bwa.sam
>>> bwa: read /rds/project/rds-4k08a2yyQLw/david/processed/mgefinder/00.genome/GCF_001701845.2_ASM170184v2_genomic.fna /rds/project/rds-4k08a2yyQLw/david/raw/fastq/SAMEA103956441/ERR1911021_1.fastq.gz /rds/project/rds-4k08a2yyQLw/david/raw/fastq/SAMEA103956441/ERR1911021_2.fastq.gz write /rds/project/rds-4k08a2yyQLw/david/processed/mgefinder/bwa/SAMEA103956441.GCF_001701845.2_ASM170184v2_genomic.bwa.sam
>>> bwa: read /rds/project/rds-4k08a2yyQLw/david/processed/mgefinder/00.genome/GCF_001701845.2_ASM170184v2_genomic.fna /rds/project/rds-4k08a2yyQLw/david/raw/fastq/SAMD00052603/DRR061407_1.fastq.gz /rds/project/rds-4k08a2yyQLw/david/raw/fastq/SAMD00052603/DRR061407_2.fastq.gz write /rds/project/rds-4k08a2yyQLw/david/processed/mgefinder/bwa/SAMD00052603.GCF_001701845.2_ASM170184v2_genomic.bwa.sam
>>> bwa: read /rds/project/rds-4k08a2yyQLw/david/processed/mgefinder/00.genome/GCF_001701845.2_ASM170184v2_genomic.fna /rds/project/rds-4k08a2yyQLw/david/raw/fastq/SAMEA103956443/ERR1911023_1.fastq.gz /rds/project/rds-4k08a2yyQLw/david/raw/fastq/SAMEA103956443/ERR1911023_2.fastq.gz write /rds/project/rds-4k08a2yyQLw/david/processed/mgefinder/bwa/SAMEA103956443.GCF_001701845.2_ASM170184v2_genomic.bwa.sam
>>> formatbam: read /rds/project/rds-4k08a2yyQLw/david/processed/mgefinder/bwa/SAMEA103956443.GCF_001701845.2_ASM170184v2_genomic.bwa.sam write /rds/project/rds-4k08a2yyQLw/david/processed/mgefinder/00.bam/SAMEA103956443.GCF_001701845.2_ASM170184v2_genomic.bam
#### CHECKING DEPENDENCIES ####
Current version of snakemake: 7.32.4
Expected version of snakemake: 3.13.3
WARNING: Current version of snakemake does not match expectaction. Proceed with caution
Current version of einverted: EMBOSS:6.6.0.0
Expected version of einverted: EMBOSS:6.6.0.0
Current version of bowtie2: 2.5.4
Expected version of bowtie2: 2.3.5
WARNING: Current version of bowtie2 does not match expectaction. Proceed with caution
Current version of samtools: 1.19.2
Expected version of samtools: 1.9
WARNING: Current version of samtools does not match expectaction. Proceed with caution
Current version of cd-hit: 4.8.1
Expected version of cd-hit: 4.8.1
###############################
Get help documentation with --help.
Get version with --version.
#### PARAMETERS ####
command: formatbam
in_sam: /rds/project/rds-4k08a2yyQLw/david/processed/mgefinder/bwa/SAMEA103956443.GCF_001701845.2_ASM170184v2_genomic.bwa.sam
out_bam: /rds/project/rds-4k08a2yyQLw/david/processed/mgefinder/00.bam/SAMEA103956443.GCF_001701845.2_ASM170184v2_genomic.bam
single_end: False
keep_tmp_files: False
####################
Removing secondary alignments...
>>> formatbam: read /rds/project/rds-4k08a2yyQLw/david/processed/mgefinder/bwa/SAMEA103956441.GCF_001701845.2_ASM170184v2_genomic.bwa.sam write /rds/project/rds-4k08a2yyQLw/david/processed/mgefinder/00.bam/SAMEA103956441.GCF_001701845.2_ASM170184v2_genomic.bam
#### CHECKING DEPENDENCIES ####
Current version of snakemake: 7.32.4
Expected version of snakemake: 3.13.3
WARNING: Current version of snakemake does not match expectaction. Proceed with caution
Current version of einverted: EMBOSS:6.6.0.0
Expected version of einverted: EMBOSS:6.6.0.0
Current version of bowtie2: 2.5.4
Expected version of bowtie2: 2.3.5
WARNING: Current version of bowtie2 does not match expectaction. Proceed with caution
Current version of samtools: 1.19.2
Expected version of samtools: 1.9
WARNING: Current version of samtools does not match expectaction. Proceed with caution
Current version of cd-hit: 4.8.1
Expected version of cd-hit: 4.8.1
###############################
Get help documentation with --help.
Get version with --version.
#### PARAMETERS ####
command: formatbam
in_sam: /rds/project/rds-4k08a2yyQLw/david/processed/mgefinder/bwa/SAMEA103956441.GCF_001701845.2_ASM170184v2_genomic.bwa.sam
out_bam: /rds/project/rds-4k08a2yyQLw/david/processed/mgefinder/00.bam/SAMEA103956441.GCF_001701845.2_ASM170184v2_genomic.bam
single_end: False
keep_tmp_files: False
####################
Removing secondary alignments...
Successfully removed secondary alignments...

Formatting bam file for use by mgefinder...
Successfully removed secondary alignments...

Formatting bam file for use by mgefinder...
>>> formatbam: read /rds/project/rds-4k08a2yyQLw/david/processed/mgefinder/bwa/SAMD00052603.GCF_001701845.2_ASM170184v2_genomic.bwa.sam write /rds/project/rds-4k08a2yyQLw/david/processed/mgefinder/00.bam/SAMD00052603.GCF_001701845.2_ASM170184v2_genomic.bam
#### CHECKING DEPENDENCIES ####
Current version of snakemake: 7.32.4
Expected version of snakemake: 3.13.3
WARNING: Current version of snakemake does not match expectaction. Proceed with caution
Current version of einverted: EMBOSS:6.6.0.0
Expected version of einverted: EMBOSS:6.6.0.0
Current version of bowtie2: 2.5.4
Expected version of bowtie2: 2.3.5
WARNING: Current version of bowtie2 does not match expectaction. Proceed with caution
Current version of samtools: 1.19.2
Expected version of samtools: 1.9
WARNING: Current version of samtools does not match expectaction. Proceed with caution
Current version of cd-hit: 4.8.1
Expected version of cd-hit: 4.8.1
###############################
Get help documentation with --help.
Get version with --version.
#### PARAMETERS ####
command: formatbam
in_sam: /rds/project/rds-4k08a2yyQLw/david/processed/mgefinder/bwa/SAMD00052603.GCF_001701845.2_ASM170184v2_genomic.bwa.sam
out_bam: /rds/project/rds-4k08a2yyQLw/david/processed/mgefinder/00.bam/SAMD00052603.GCF_001701845.2_ASM170184v2_genomic.bam
single_end: False
keep_tmp_files: False
####################
Removing secondary alignments...
Successfully removed secondary alignments...

Formatting bam file for use by mgefinder...
SAM file successfully reformatted...

Sorting the BAM file by chromosomal location...
SAM file successfully reformatted...

Sorting the BAM file by chromosomal location...
BAM file successfully sorted...

Index the sorted BAM file...
BAM file successfully indexed...

>>> find: read /rds/project/rds-4k08a2yyQLw/david/processed/mgefinder/00.bam/SAMEA103956443.GCF_001701845.2_ASM170184v2_genomic.bam write /rds/project/rds-4k08a2yyQLw/david/processed/mgefinder/mgefinder/GCF_001701845.2_ASM170184v2_genomic/SAMEA103956443/01.find.SAMEA103956443.GCF_001701845.2_ASM170184v2_genomic.tsv
BAM file successfully sorted...

Index the sorted BAM file...
BAM file successfully indexed...

>>> find: read /rds/project/rds-4k08a2yyQLw/david/processed/mgefinder/00.bam/SAMEA103956441.GCF_001701845.2_ASM170184v2_genomic.bam write /rds/project/rds-4k08a2yyQLw/david/processed/mgefinder/mgefinder/GCF_001701845.2_ASM170184v2_genomic/SAMEA103956441/01.find.SAMEA103956441.GCF_001701845.2_ASM170184v2_genomic.tsv
>>> pair: MGEfinder pair SAMEA103956443 GCF_001701845.2_ASM170184v2_genomic
>>> inferseq_assembly: SAMEA103956443 GCF_001701845.2_ASM170184v2_genomic
>>> bwa: read /rds/project/rds-4k08a2yyQLw/david/processed/mgefinder/00.genome/GCF_001701845.2_ASM170184v2_genomic.fna /rds/project/rds-4k08a2yyQLw/david/raw/fastq/SAMD00066597/DRR076334_1.fastq.gz /rds/project/rds-4k08a2yyQLw/david/raw/fastq/SAMD00066597/DRR076334_2.fastq.gz write /rds/project/rds-4k08a2yyQLw/david/processed/mgefinder/bwa/SAMD00066597.GCF_001701845.2_ASM170184v2_genomic.bwa.sam
>>> pair: MGEfinder pair SAMEA103956441 GCF_001701845.2_ASM170184v2_genomic
>>> inferseq_assembly: SAMEA103956441 GCF_001701845.2_ASM170184v2_genomic
>>> inferseq_reference: SAMEA103956441 GCF_001701845.2_ASM170184v2_genomic
>>> bwa: read /rds/project/rds-4k08a2yyQLw/david/processed/mgefinder/00.genome/GCF_001701845.2_ASM170184v2_genomic.fna /rds/project/rds-4k08a2yyQLw/david/raw/fastq/SAMD00099771/DRR111584_1.fastq.gz /rds/project/rds-4k08a2yyQLw/david/raw/fastq/SAMD00099771/DRR111584_2.fastq.gz write /rds/project/rds-4k08a2yyQLw/david/processed/mgefinder/bwa/SAMD00099771.GCF_001701845.2_ASM170184v2_genomic.bwa.sam
SAM file successfully reformatted...

Sorting the BAM file by chromosomal location...
BAM file successfully sorted...

Index the sorted BAM file...
BAM file successfully indexed...

>>> find: read /rds/project/rds-4k08a2yyQLw/david/processed/mgefinder/00.bam/SAMD00052603.GCF_001701845.2_ASM170184v2_genomic.bam write /rds/project/rds-4k08a2yyQLw/david/processed/mgefinder/mgefinder/GCF_001701845.2_ASM170184v2_genomic/SAMD00052603/01.find.SAMD00052603.GCF_001701845.2_ASM170184v2_genomic.tsv
>>> formatbam: read /rds/project/rds-4k08a2yyQLw/david/processed/mgefinder/bwa/SAMD00066597.GCF_001701845.2_ASM170184v2_genomic.bwa.sam write /rds/project/rds-4k08a2yyQLw/david/processed/mgefinder/00.bam/SAMD00066597.GCF_001701845.2_ASM170184v2_genomic.bam
#### CHECKING DEPENDENCIES ####
Current version of snakemake: 7.32.4
Expected version of snakemake: 3.13.3
WARNING: Current version of snakemake does not match expectaction. Proceed with caution
Current version of einverted: EMBOSS:6.6.0.0
Expected version of einverted: EMBOSS:6.6.0.0
Current version of bowtie2: 2.5.4
Expected version of bowtie2: 2.3.5
WARNING: Current version of bowtie2 does not match expectaction. Proceed with caution
Current version of samtools: 1.19.2
Expected version of samtools: 1.9
WARNING: Current version of samtools does not match expectaction. Proceed with caution
Current version of cd-hit: 4.8.1
Expected version of cd-hit: 4.8.1
###############################
Get help documentation with --help.
Get version with --version.
#### PARAMETERS ####
command: formatbam
in_sam: /rds/project/rds-4k08a2yyQLw/david/processed/mgefinder/bwa/SAMD00066597.GCF_001701845.2_ASM170184v2_genomic.bwa.sam
out_bam: /rds/project/rds-4k08a2yyQLw/david/processed/mgefinder/00.bam/SAMD00066597.GCF_001701845.2_ASM170184v2_genomic.bam
single_end: False
keep_tmp_files: False
####################
Removing secondary alignments...
Successfully removed secondary alignments...

Formatting bam file for use by mgefinder...
SAM file successfully reformatted...

Sorting the BAM file by chromosomal location...
BAM file successfully sorted...

Index the sorted BAM file...
BAM file successfully indexed...

>>> find: read /rds/project/rds-4k08a2yyQLw/david/processed/mgefinder/00.bam/SAMD00066597.GCF_001701845.2_ASM170184v2_genomic.bam write /rds/project/rds-4k08a2yyQLw/david/processed/mgefinder/mgefinder/GCF_001701845.2_ASM170184v2_genomic/SAMD00066597/01.find.SAMD00066597.GCF_001701845.2_ASM170184v2_genomic.tsv
>>> formatbam: read /rds/project/rds-4k08a2yyQLw/david/processed/mgefinder/bwa/SAMD00099771.GCF_001701845.2_ASM170184v2_genomic.bwa.sam write /rds/project/rds-4k08a2yyQLw/david/processed/mgefinder/00.bam/SAMD00099771.GCF_001701845.2_ASM170184v2_genomic.bam
#### CHECKING DEPENDENCIES ####
Current version of snakemake: 7.32.4
Expected version of snakemake: 3.13.3
WARNING: Current version of snakemake does not match expectaction. Proceed with caution
Current version of einverted: EMBOSS:6.6.0.0
Expected version of einverted: EMBOSS:6.6.0.0
Current version of bowtie2: 2.5.4
Expected version of bowtie2: 2.3.5
WARNING: Current version of bowtie2 does not match expectaction. Proceed with caution
Current version of samtools: 1.19.2
Expected version of samtools: 1.9
WARNING: Current version of samtools does not match expectaction. Proceed with caution
Current version of cd-hit: 4.8.1
Expected version of cd-hit: 4.8.1
###############################
Get help documentation with --help.
Get version with --version.
#### PARAMETERS ####
command: formatbam
in_sam: /rds/project/rds-4k08a2yyQLw/david/processed/mgefinder/bwa/SAMD00099771.GCF_001701845.2_ASM170184v2_genomic.bwa.sam
out_bam: /rds/project/rds-4k08a2yyQLw/david/processed/mgefinder/00.bam/SAMD00099771.GCF_001701845.2_ASM170184v2_genomic.bam
single_end: False
keep_tmp_files: False
####################
Removing secondary alignments...
>>> formatbam: read /rds/project/rds-4k08a2yyQLw/david/processed/mgefinder/bwa/SAMD00646128.GCF_001701845.2_ASM170184v2_genomic.bwa.sam write /rds/project/rds-4k08a2yyQLw/david/processed/mgefinder/00.bam/SAMD00646128.GCF_001701845.2_ASM170184v2_genomic.bam
#### CHECKING DEPENDENCIES ####
Current version of snakemake: 7.32.4
Expected version of snakemake: 3.13.3
WARNING: Current version of snakemake does not match expectaction. Proceed with caution
Current version of einverted: EMBOSS:6.6.0.0
Expected version of einverted: EMBOSS:6.6.0.0
Current version of bowtie2: 2.5.4
Expected version of bowtie2: 2.3.5
WARNING: Current version of bowtie2 does not match expectaction. Proceed with caution
Current version of samtools: 1.19.2
Expected version of samtools: 1.9
WARNING: Current version of samtools does not match expectaction. Proceed with caution
Current version of cd-hit: 4.8.1
Expected version of cd-hit: 4.8.1
###############################
Get help documentation with --help.
Get version with --version.
#### PARAMETERS ####
command: formatbam
in_sam: /rds/project/rds-4k08a2yyQLw/david/processed/mgefinder/bwa/SAMD00646128.GCF_001701845.2_ASM170184v2_genomic.bwa.sam
out_bam: /rds/project/rds-4k08a2yyQLw/david/processed/mgefinder/00.bam/SAMD00646128.GCF_001701845.2_ASM170184v2_genomic.bam
single_end: False
keep_tmp_files: False
####################
Removing secondary alignments...
Successfully removed secondary alignments...

Formatting bam file for use by mgefinder...
Successfully removed secondary alignments...

Formatting bam file for use by mgefinder...
>>> pair: MGEfinder pair SAMD00052603 GCF_001701845.2_ASM170184v2_genomic
>>> inferseq_assembly: SAMD00052603 GCF_001701845.2_ASM170184v2_genomic
>>> inferseq_overlap: SAMEA103956441 GCF_001701845.2_ASM170184v2_genomic
>>> bwa: read /rds/project/rds-4k08a2yyQLw/david/processed/mgefinder/00.genome/GCF_001701845.2_ASM170184v2_genomic.fna /rds/project/rds-4k08a2yyQLw/david/raw/fastq/SAMEA103956440/ERR1911020_1.fastq.gz /rds/project/rds-4k08a2yyQLw/david/raw/fastq/SAMEA103956440/ERR1911020_2.fastq.gz write /rds/project/rds-4k08a2yyQLw/david/processed/mgefinder/bwa/SAMEA103956440.GCF_001701845.2_ASM170184v2_genomic.bwa.sam
>>> pair: MGEfinder pair SAMD00066597 GCF_001701845.2_ASM170184v2_genomic
>>> inferseq_assembly: SAMD00066597 GCF_001701845.2_ASM170184v2_genomic
>>> bwa: read /rds/project/rds-4k08a2yyQLw/david/processed/mgefinder/00.genome/GCF_001701845.2_ASM170184v2_genomic.fna /rds/project/rds-4k08a2yyQLw/david/raw/fastq/SAMEA103956445/ERR1911025_1.fastq.gz /rds/project/rds-4k08a2yyQLw/david/raw/fastq/SAMEA103956445/ERR1911025_2.fastq.gz write /rds/project/rds-4k08a2yyQLw/david/processed/mgefinder/bwa/SAMEA103956445.GCF_001701845.2_ASM170184v2_genomic.bwa.sam
>>> formatbam: read /rds/project/rds-4k08a2yyQLw/david/processed/mgefinder/bwa/SAMEA103956445.GCF_001701845.2_ASM170184v2_genomic.bwa.sam write /rds/project/rds-4k08a2yyQLw/david/processed/mgefinder/00.bam/SAMEA103956445.GCF_001701845.2_ASM170184v2_genomic.bam
#### CHECKING DEPENDENCIES ####
Current version of snakemake: 7.32.4
Expected version of snakemake: 3.13.3
WARNING: Current version of snakemake does not match expectaction. Proceed with caution
Current version of einverted: EMBOSS:6.6.0.0
Expected version of einverted: EMBOSS:6.6.0.0
Current version of bowtie2: 2.5.4
Expected version of bowtie2: 2.3.5
WARNING: Current version of bowtie2 does not match expectaction. Proceed with caution
Current version of samtools: 1.19.2
Expected version of samtools: 1.9
WARNING: Current version of samtools does not match expectaction. Proceed with caution
Current version of cd-hit: 4.8.1
Expected version of cd-hit: 4.8.1
###############################
Get help documentation with --help.
Get version with --version.
#### PARAMETERS ####
command: formatbam
in_sam: /rds/project/rds-4k08a2yyQLw/david/processed/mgefinder/bwa/SAMEA103956445.GCF_001701845.2_ASM170184v2_genomic.bwa.sam
out_bam: /rds/project/rds-4k08a2yyQLw/david/processed/mgefinder/00.bam/SAMEA103956445.GCF_001701845.2_ASM170184v2_genomic.bam
single_end: False
keep_tmp_files: False
####################
Removing secondary alignments...
Successfully removed secondary alignments...

Formatting bam file for use by mgefinder...
>>> formatbam: read /rds/project/rds-4k08a2yyQLw/david/processed/mgefinder/bwa/SAMEA103956440.GCF_001701845.2_ASM170184v2_genomic.bwa.sam write /rds/project/rds-4k08a2yyQLw/david/processed/mgefinder/00.bam/SAMEA103956440.GCF_001701845.2_ASM170184v2_genomic.bam
#### CHECKING DEPENDENCIES ####
Current version of snakemake: 7.32.4
Expected version of snakemake: 3.13.3
WARNING: Current version of snakemake does not match expectaction. Proceed with caution
Current version of einverted: EMBOSS:6.6.0.0
Expected version of einverted: EMBOSS:6.6.0.0
Current version of bowtie2: 2.5.4
Expected version of bowtie2: 2.3.5
WARNING: Current version of bowtie2 does not match expectaction. Proceed with caution
Current version of samtools: 1.19.2
Expected version of samtools: 1.9
WARNING: Current version of samtools does not match expectaction. Proceed with caution
Current version of cd-hit: 4.8.1
Expected version of cd-hit: 4.8.1
###############################
Get help documentation with --help.
Get version with --version.
#### PARAMETERS ####
command: formatbam
in_sam: /rds/project/rds-4k08a2yyQLw/david/processed/mgefinder/bwa/SAMEA103956440.GCF_001701845.2_ASM170184v2_genomic.bwa.sam
out_bam: /rds/project/rds-4k08a2yyQLw/david/processed/mgefinder/00.bam/SAMEA103956440.GCF_001701845.2_ASM170184v2_genomic.bam
single_end: False
keep_tmp_files: False
####################
Removing secondary alignments...
Successfully removed secondary alignments...

Formatting bam file for use by mgefinder...
SAM file successfully reformatted...

Sorting the BAM file by chromosomal location...
SAM file successfully reformatted...

Sorting the BAM file by chromosomal location...
BAM file successfully sorted...

Index the sorted BAM file...
BAM file successfully indexed...

>>> find: read /rds/project/rds-4k08a2yyQLw/david/processed/mgefinder/00.bam/SAMEA103956445.GCF_001701845.2_ASM170184v2_genomic.bam write /rds/project/rds-4k08a2yyQLw/david/processed/mgefinder/mgefinder/GCF_001701845.2_ASM170184v2_genomic/SAMEA103956445/01.find.SAMEA103956445.GCF_001701845.2_ASM170184v2_genomic.tsv
>>> pair: MGEfinder pair SAMEA103956445 GCF_001701845.2_ASM170184v2_genomic
>>> inferseq_assembly: SAMEA103956445 GCF_001701845.2_ASM170184v2_genomic
>>> bwa: read /rds/project/rds-4k08a2yyQLw/david/processed/mgefinder/00.genome/GCF_001701845.2_ASM170184v2_genomic.fna /rds/project/rds-4k08a2yyQLw/david/raw/fastq/SAMD00646127/DRR504917_1.fastq.gz /rds/project/rds-4k08a2yyQLw/david/raw/fastq/SAMD00646127/DRR504917_2.fastq.gz write /rds/project/rds-4k08a2yyQLw/david/processed/mgefinder/bwa/SAMD00646127.GCF_001701845.2_ASM170184v2_genomic.bwa.sam
SAM file successfully reformatted...

Sorting the BAM file by chromosomal location...
BAM file successfully sorted...

Index the sorted BAM file...
BAM file successfully indexed...

>>> find: read /rds/project/rds-4k08a2yyQLw/david/processed/mgefinder/00.bam/SAMD00099771.GCF_001701845.2_ASM170184v2_genomic.bam write /rds/project/rds-4k08a2yyQLw/david/processed/mgefinder/mgefinder/GCF_001701845.2_ASM170184v2_genomic/SAMD00099771/01.find.SAMD00099771.GCF_001701845.2_ASM170184v2_genomic.tsv
BAM file successfully sorted...

Index the sorted BAM file...
BAM file successfully indexed...

>>> find: read /rds/project/rds-4k08a2yyQLw/david/processed/mgefinder/00.bam/SAMEA103956440.GCF_001701845.2_ASM170184v2_genomic.bam write /rds/project/rds-4k08a2yyQLw/david/processed/mgefinder/mgefinder/GCF_001701845.2_ASM170184v2_genomic/SAMEA103956440/01.find.SAMEA103956440.GCF_001701845.2_ASM170184v2_genomic.tsv
>>> pair: MGEfinder pair SAMEA103956440 GCF_001701845.2_ASM170184v2_genomic
>>> inferseq_assembly: SAMEA103956440 GCF_001701845.2_ASM170184v2_genomic
>>> inferseq_overlap: SAMD00052603 GCF_001701845.2_ASM170184v2_genomic
>>> inferseq_reference: SAMEA103956440 GCF_001701845.2_ASM170184v2_genomic
>>> bwa: read /rds/project/rds-4k08a2yyQLw/david/processed/mgefinder/00.genome/GCF_001701845.2_ASM170184v2_genomic.fna /rds/project/rds-4k08a2yyQLw/david/raw/fastq/SAMD00052601/DRR061405_1.fastq.gz /rds/project/rds-4k08a2yyQLw/david/raw/fastq/SAMD00052601/DRR061405_2.fastq.gz write /rds/project/rds-4k08a2yyQLw/david/processed/mgefinder/bwa/SAMD00052601.GCF_001701845.2_ASM170184v2_genomic.bwa.sam
SAM file successfully reformatted...

Sorting the BAM file by chromosomal location...
>>> formatbam: read /rds/project/rds-4k08a2yyQLw/david/processed/mgefinder/bwa/SAMD00052601.GCF_001701845.2_ASM170184v2_genomic.bwa.sam write /rds/project/rds-4k08a2yyQLw/david/processed/mgefinder/00.bam/SAMD00052601.GCF_001701845.2_ASM170184v2_genomic.bam
#### CHECKING DEPENDENCIES ####
Current version of snakemake: 7.32.4
Expected version of snakemake: 3.13.3
WARNING: Current version of snakemake does not match expectaction. Proceed with caution
Current version of einverted: EMBOSS:6.6.0.0
Expected version of einverted: EMBOSS:6.6.0.0
Current version of bowtie2: 2.5.4
Expected version of bowtie2: 2.3.5
WARNING: Current version of bowtie2 does not match expectaction. Proceed with caution
Current version of samtools: 1.19.2
Expected version of samtools: 1.9
WARNING: Current version of samtools does not match expectaction. Proceed with caution
Current version of cd-hit: 4.8.1
Expected version of cd-hit: 4.8.1
###############################
Get help documentation with --help.
Get version with --version.
#### PARAMETERS ####
command: formatbam
in_sam: /rds/project/rds-4k08a2yyQLw/david/processed/mgefinder/bwa/SAMD00052601.GCF_001701845.2_ASM170184v2_genomic.bwa.sam
out_bam: /rds/project/rds-4k08a2yyQLw/david/processed/mgefinder/00.bam/SAMD00052601.GCF_001701845.2_ASM170184v2_genomic.bam
single_end: False
keep_tmp_files: False
####################
Removing secondary alignments...
BAM file successfully sorted...

Index the sorted BAM file...
BAM file successfully indexed...

>>> find: read /rds/project/rds-4k08a2yyQLw/david/processed/mgefinder/00.bam/SAMD00646128.GCF_001701845.2_ASM170184v2_genomic.bam write /rds/project/rds-4k08a2yyQLw/david/processed/mgefinder/mgefinder/GCF_001701845.2_ASM170184v2_genomic/SAMD00646128/01.find.SAMD00646128.GCF_001701845.2_ASM170184v2_genomic.tsv
Successfully removed secondary alignments...

Formatting bam file for use by mgefinder...
SAM file successfully reformatted...

Sorting the BAM file by chromosomal location...
BAM file successfully sorted...

Index the sorted BAM file...
BAM file successfully indexed...

>>> find: read /rds/project/rds-4k08a2yyQLw/david/processed/mgefinder/00.bam/SAMD00052601.GCF_001701845.2_ASM170184v2_genomic.bam write /rds/project/rds-4k08a2yyQLw/david/processed/mgefinder/mgefinder/GCF_001701845.2_ASM170184v2_genomic/SAMD00052601/01.find.SAMD00052601.GCF_001701845.2_ASM170184v2_genomic.tsv
>>> pair: MGEfinder pair SAMD00099771 GCF_001701845.2_ASM170184v2_genomic
>>> inferseq_assembly: SAMD00099771 GCF_001701845.2_ASM170184v2_genomic
>>> bwa: read /rds/project/rds-4k08a2yyQLw/david/processed/mgefinder/00.genome/GCF_001701845.2_ASM170184v2_genomic.fna /rds/project/rds-4k08a2yyQLw/david/raw/fastq/SAMEA103956439/ERR1911019_1.fastq.gz /rds/project/rds-4k08a2yyQLw/david/raw/fastq/SAMEA103956439/ERR1911019_2.fastq.gz write /rds/project/rds-4k08a2yyQLw/david/processed/mgefinder/bwa/SAMEA103956439.GCF_001701845.2_ASM170184v2_genomic.bwa.sam
>>> pair: MGEfinder pair SAMD00052601 GCF_001701845.2_ASM170184v2_genomic
>>> inferseq_assembly: SAMD00052601 GCF_001701845.2_ASM170184v2_genomic
>>> inferseq_reference: SAMD00052601 GCF_001701845.2_ASM170184v2_genomic
>>> bwa: read /rds/project/rds-4k08a2yyQLw/david/processed/mgefinder/00.genome/GCF_001701845.2_ASM170184v2_genomic.fna /rds/project/rds-4k08a2yyQLw/david/raw/fastq/SAMD00052621/DRR061423_1.fastq.gz /rds/project/rds-4k08a2yyQLw/david/raw/fastq/SAMD00052621/DRR061423_2.fastq.gz write /rds/project/rds-4k08a2yyQLw/david/processed/mgefinder/bwa/SAMD00052621.GCF_001701845.2_ASM170184v2_genomic.bwa.sam
>>> formatbam: read /rds/project/rds-4k08a2yyQLw/david/processed/mgefinder/bwa/SAMD00052621.GCF_001701845.2_ASM170184v2_genomic.bwa.sam write /rds/project/rds-4k08a2yyQLw/david/processed/mgefinder/00.bam/SAMD00052621.GCF_001701845.2_ASM170184v2_genomic.bam
#### CHECKING DEPENDENCIES ####
Current version of snakemake: 7.32.4
Expected version of snakemake: 3.13.3
WARNING: Current version of snakemake does not match expectaction. Proceed with caution
Current version of einverted: EMBOSS:6.6.0.0
Expected version of einverted: EMBOSS:6.6.0.0
Current version of bowtie2: 2.5.4
Expected version of bowtie2: 2.3.5
WARNING: Current version of bowtie2 does not match expectaction. Proceed with caution
Current version of samtools: 1.19.2
Expected version of samtools: 1.9
WARNING: Current version of samtools does not match expectaction. Proceed with caution
Current version of cd-hit: 4.8.1
Expected version of cd-hit: 4.8.1
###############################
Get help documentation with --help.
Get version with --version.
#### PARAMETERS ####
command: formatbam
in_sam: /rds/project/rds-4k08a2yyQLw/david/processed/mgefinder/bwa/SAMD00052621.GCF_001701845.2_ASM170184v2_genomic.bwa.sam
out_bam: /rds/project/rds-4k08a2yyQLw/david/processed/mgefinder/00.bam/SAMD00052621.GCF_001701845.2_ASM170184v2_genomic.bam
single_end: False
keep_tmp_files: False
####################
Removing secondary alignments...
Successfully removed secondary alignments...

Formatting bam file for use by mgefinder...
>>> formatbam: read /rds/project/rds-4k08a2yyQLw/david/processed/mgefinder/bwa/SAMEA103956439.GCF_001701845.2_ASM170184v2_genomic.bwa.sam write /rds/project/rds-4k08a2yyQLw/david/processed/mgefinder/00.bam/SAMEA103956439.GCF_001701845.2_ASM170184v2_genomic.bam
#### CHECKING DEPENDENCIES ####
Current version of snakemake: 7.32.4
Expected version of snakemake: 3.13.3
WARNING: Current version of snakemake does not match expectaction. Proceed with caution
Current version of einverted: EMBOSS:6.6.0.0
Expected version of einverted: EMBOSS:6.6.0.0
Current version of bowtie2: 2.5.4
Expected version of bowtie2: 2.3.5
WARNING: Current version of bowtie2 does not match expectaction. Proceed with caution
Current version of samtools: 1.19.2
Expected version of samtools: 1.9
WARNING: Current version of samtools does not match expectaction. Proceed with caution
Current version of cd-hit: 4.8.1
Expected version of cd-hit: 4.8.1
###############################
Get help documentation with --help.
Get version with --version.
#### PARAMETERS ####
command: formatbam
in_sam: /rds/project/rds-4k08a2yyQLw/david/processed/mgefinder/bwa/SAMEA103956439.GCF_001701845.2_ASM170184v2_genomic.bwa.sam
out_bam: /rds/project/rds-4k08a2yyQLw/david/processed/mgefinder/00.bam/SAMEA103956439.GCF_001701845.2_ASM170184v2_genomic.bam
single_end: False
keep_tmp_files: False
####################
Removing secondary alignments...
Successfully removed secondary alignments...

Formatting bam file for use by mgefinder...
SAM file successfully reformatted...

Sorting the BAM file by chromosomal location...
BAM file successfully sorted...

Index the sorted BAM file...
BAM file successfully indexed...

>>> find: read /rds/project/rds-4k08a2yyQLw/david/processed/mgefinder/00.bam/SAMD00052621.GCF_001701845.2_ASM170184v2_genomic.bam write /rds/project/rds-4k08a2yyQLw/david/processed/mgefinder/mgefinder/GCF_001701845.2_ASM170184v2_genomic/SAMD00052621/01.find.SAMD00052621.GCF_001701845.2_ASM170184v2_genomic.tsv
SAM file successfully reformatted...

Sorting the BAM file by chromosomal location...
>>> pair: MGEfinder pair SAMD00052621 GCF_001701845.2_ASM170184v2_genomic
>>> inferseq_assembly: SAMD00052621 GCF_001701845.2_ASM170184v2_genomic
>>> inferseq_overlap: SAMD00052621 GCF_001701845.2_ASM170184v2_genomic
>>> bwa: read /rds/project/rds-4k08a2yyQLw/david/processed/mgefinder/00.genome/GCF_001701845.2_ASM170184v2_genomic.fna /rds/project/rds-4k08a2yyQLw/david/raw/fastq/SAMD00193197/DRR198036_1.fastq.gz /rds/project/rds-4k08a2yyQLw/david/raw/fastq/SAMD00193197/DRR198036_2.fastq.gz write /rds/project/rds-4k08a2yyQLw/david/processed/mgefinder/bwa/SAMD00193197.GCF_001701845.2_ASM170184v2_genomic.bwa.sam
BAM file successfully sorted...

Index the sorted BAM file...
BAM file successfully indexed...

>>> find: read /rds/project/rds-4k08a2yyQLw/david/processed/mgefinder/00.bam/SAMEA103956439.GCF_001701845.2_ASM170184v2_genomic.bam write /rds/project/rds-4k08a2yyQLw/david/processed/mgefinder/mgefinder/GCF_001701845.2_ASM170184v2_genomic/SAMEA103956439/01.find.SAMEA103956439.GCF_001701845.2_ASM170184v2_genomic.tsv
>>> pair: MGEfinder pair SAMEA103956439 GCF_001701845.2_ASM170184v2_genomic
>>> inferseq_assembly: SAMEA103956439 GCF_001701845.2_ASM170184v2_genomic
>>> inferseq_overlap: SAMD00052601 GCF_001701845.2_ASM170184v2_genomic
>>> bwa: read /rds/project/rds-4k08a2yyQLw/david/processed/mgefinder/00.genome/GCF_001701845.2_ASM170184v2_genomic.fna /rds/project/rds-4k08a2yyQLw/david/raw/fastq/SAMEA103956442/ERR1911022_1.fastq.gz /rds/project/rds-4k08a2yyQLw/david/raw/fastq/SAMEA103956442/ERR1911022_2.fastq.gz write /rds/project/rds-4k08a2yyQLw/david/processed/mgefinder/bwa/SAMEA103956442.GCF_001701845.2_ASM170184v2_genomic.bwa.sam
>>> formatbam: read /rds/project/rds-4k08a2yyQLw/david/processed/mgefinder/bwa/SAMEA103956442.GCF_001701845.2_ASM170184v2_genomic.bwa.sam write /rds/project/rds-4k08a2yyQLw/david/processed/mgefinder/00.bam/SAMEA103956442.GCF_001701845.2_ASM170184v2_genomic.bam
#### CHECKING DEPENDENCIES ####
Current version of snakemake: 7.32.4
Expected version of snakemake: 3.13.3
WARNING: Current version of snakemake does not match expectaction. Proceed with caution
Current version of einverted: EMBOSS:6.6.0.0
Expected version of einverted: EMBOSS:6.6.0.0
Current version of bowtie2: 2.5.4
Expected version of bowtie2: 2.3.5
WARNING: Current version of bowtie2 does not match expectaction. Proceed with caution
Current version of samtools: 1.19.2
Expected version of samtools: 1.9
WARNING: Current version of samtools does not match expectaction. Proceed with caution
Current version of cd-hit: 4.8.1
Expected version of cd-hit: 4.8.1
###############################
Get help documentation with --help.
Get version with --version.
#### PARAMETERS ####
command: formatbam
in_sam: /rds/project/rds-4k08a2yyQLw/david/processed/mgefinder/bwa/SAMEA103956442.GCF_001701845.2_ASM170184v2_genomic.bwa.sam
out_bam: /rds/project/rds-4k08a2yyQLw/david/processed/mgefinder/00.bam/SAMEA103956442.GCF_001701845.2_ASM170184v2_genomic.bam
single_end: False
keep_tmp_files: False
####################
Removing secondary alignments...
>>> pair: MGEfinder pair SAMD00646128 GCF_001701845.2_ASM170184v2_genomic
>>> inferseq_assembly: SAMD00646128 GCF_001701845.2_ASM170184v2_genomic
>>> bwa: read /rds/project/rds-4k08a2yyQLw/david/processed/mgefinder/00.genome/GCF_001701845.2_ASM170184v2_genomic.fna /rds/project/rds-4k08a2yyQLw/david/raw/fastq/SAMEA103956444/ERR1911024_1.fastq.gz /rds/project/rds-4k08a2yyQLw/david/raw/fastq/SAMEA103956444/ERR1911024_2.fastq.gz write /rds/project/rds-4k08a2yyQLw/david/processed/mgefinder/bwa/SAMEA103956444.GCF_001701845.2_ASM170184v2_genomic.bwa.sam
>>> formatbam: read /rds/project/rds-4k08a2yyQLw/david/processed/mgefinder/bwa/SAMD00193197.GCF_001701845.2_ASM170184v2_genomic.bwa.sam write /rds/project/rds-4k08a2yyQLw/david/processed/mgefinder/00.bam/SAMD00193197.GCF_001701845.2_ASM170184v2_genomic.bam
#### CHECKING DEPENDENCIES ####
Current version of snakemake: 7.32.4
Expected version of snakemake: 3.13.3
WARNING: Current version of snakemake does not match expectaction. Proceed with caution
Current version of einverted: EMBOSS:6.6.0.0
Expected version of einverted: EMBOSS:6.6.0.0
Current version of bowtie2: 2.5.4
Expected version of bowtie2: 2.3.5
WARNING: Current version of bowtie2 does not match expectaction. Proceed with caution
Current version of samtools: 1.19.2
Expected version of samtools: 1.9
WARNING: Current version of samtools does not match expectaction. Proceed with caution
Current version of cd-hit: 4.8.1
Expected version of cd-hit: 4.8.1
###############################
Get help documentation with --help.
Get version with --version.
#### PARAMETERS ####
command: formatbam
in_sam: /rds/project/rds-4k08a2yyQLw/david/processed/mgefinder/bwa/SAMD00193197.GCF_001701845.2_ASM170184v2_genomic.bwa.sam
out_bam: /rds/project/rds-4k08a2yyQLw/david/processed/mgefinder/00.bam/SAMD00193197.GCF_001701845.2_ASM170184v2_genomic.bam
single_end: False
keep_tmp_files: False
####################
Removing secondary alignments...
Successfully removed secondary alignments...

Formatting bam file for use by mgefinder...
Successfully removed secondary alignments...

Formatting bam file for use by mgefinder...
>>> formatbam: read /rds/project/rds-4k08a2yyQLw/david/processed/mgefinder/bwa/SAMD00646127.GCF_001701845.2_ASM170184v2_genomic.bwa.sam write /rds/project/rds-4k08a2yyQLw/david/processed/mgefinder/00.bam/SAMD00646127.GCF_001701845.2_ASM170184v2_genomic.bam
#### CHECKING DEPENDENCIES ####
Current version of snakemake: 7.32.4
Expected version of snakemake: 3.13.3
WARNING: Current version of snakemake does not match expectaction. Proceed with caution
Current version of einverted: EMBOSS:6.6.0.0
Expected version of einverted: EMBOSS:6.6.0.0
Current version of bowtie2: 2.5.4
Expected version of bowtie2: 2.3.5
WARNING: Current version of bowtie2 does not match expectaction. Proceed with caution
Current version of samtools: 1.19.2
Expected version of samtools: 1.9
WARNING: Current version of samtools does not match expectaction. Proceed with caution
Current version of cd-hit: 4.8.1
Expected version of cd-hit: 4.8.1
###############################
Get help documentation with --help.
Get version with --version.
#### PARAMETERS ####
command: formatbam
in_sam: /rds/project/rds-4k08a2yyQLw/david/processed/mgefinder/bwa/SAMD00646127.GCF_001701845.2_ASM170184v2_genomic.bwa.sam
out_bam: /rds/project/rds-4k08a2yyQLw/david/processed/mgefinder/00.bam/SAMD00646127.GCF_001701845.2_ASM170184v2_genomic.bam
single_end: False
keep_tmp_files: False
####################
Removing secondary alignments...
SAM file successfully reformatted...

Sorting the BAM file by chromosomal location...
>>> formatbam: read /rds/project/rds-4k08a2yyQLw/david/processed/mgefinder/bwa/SAMEA103956444.GCF_001701845.2_ASM170184v2_genomic.bwa.sam write /rds/project/rds-4k08a2yyQLw/david/processed/mgefinder/00.bam/SAMEA103956444.GCF_001701845.2_ASM170184v2_genomic.bam
SAM file successfully reformatted...

Sorting the BAM file by chromosomal location...
#### CHECKING DEPENDENCIES ####
Current version of snakemake: 7.32.4
Expected version of snakemake: 3.13.3
WARNING: Current version of snakemake does not match expectaction. Proceed with caution
Current version of einverted: EMBOSS:6.6.0.0
Expected version of einverted: EMBOSS:6.6.0.0
Current version of bowtie2: 2.5.4
Expected version of bowtie2: 2.3.5
WARNING: Current version of bowtie2 does not match expectaction. Proceed with caution
Current version of samtools: 1.19.2
Expected version of samtools: 1.9
WARNING: Current version of samtools does not match expectaction. Proceed with caution
Current version of cd-hit: 4.8.1
Expected version of cd-hit: 4.8.1
###############################
Get help documentation with --help.
Get version with --version.
#### PARAMETERS ####
command: formatbam
in_sam: /rds/project/rds-4k08a2yyQLw/david/processed/mgefinder/bwa/SAMEA103956444.GCF_001701845.2_ASM170184v2_genomic.bwa.sam
out_bam: /rds/project/rds-4k08a2yyQLw/david/processed/mgefinder/00.bam/SAMEA103956444.GCF_001701845.2_ASM170184v2_genomic.bam
single_end: False
keep_tmp_files: False
####################
Removing secondary alignments...
Successfully removed secondary alignments...

Formatting bam file for use by mgefinder...
BAM file successfully sorted...

Index the sorted BAM file...
BAM file successfully indexed...

>>> find: read /rds/project/rds-4k08a2yyQLw/david/processed/mgefinder/00.bam/SAMD00193197.GCF_001701845.2_ASM170184v2_genomic.bam write /rds/project/rds-4k08a2yyQLw/david/processed/mgefinder/mgefinder/GCF_001701845.2_ASM170184v2_genomic/SAMD00193197/01.find.SAMD00193197.GCF_001701845.2_ASM170184v2_genomic.tsv
Successfully removed secondary alignments...

Formatting bam file for use by mgefinder...
BAM file successfully sorted...

Index the sorted BAM file...
BAM file successfully indexed...

>>> find: read /rds/project/rds-4k08a2yyQLw/david/processed/mgefinder/00.bam/SAMEA103956442.GCF_001701845.2_ASM170184v2_genomic.bam write /rds/project/rds-4k08a2yyQLw/david/processed/mgefinder/mgefinder/GCF_001701845.2_ASM170184v2_genomic/SAMEA103956442/01.find.SAMEA103956442.GCF_001701845.2_ASM170184v2_genomic.tsv
>>> pair: MGEfinder pair SAMEA103956442 GCF_001701845.2_ASM170184v2_genomic
SAM file successfully reformatted...

Sorting the BAM file by chromosomal location...
>>> inferseq_assembly: SAMEA103956442 GCF_001701845.2_ASM170184v2_genomic
>>> bwa: read /rds/project/rds-4k08a2yyQLw/david/processed/mgefinder/00.genome/GCF_001701845.2_ASM170184v2_genomic.fna /rds/project/rds-4k08a2yyQLw/david/raw/fastq/SAMEA103956446/ERR1911026_1.fastq.gz /rds/project/rds-4k08a2yyQLw/david/raw/fastq/SAMEA103956446/ERR1911026_2.fastq.gz write /rds/project/rds-4k08a2yyQLw/david/processed/mgefinder/bwa/SAMEA103956446.GCF_001701845.2_ASM170184v2_genomic.bwa.sam
BAM file successfully sorted...

Index the sorted BAM file...
BAM file successfully indexed...

>>> find: read /rds/project/rds-4k08a2yyQLw/david/processed/mgefinder/00.bam/SAMEA103956444.GCF_001701845.2_ASM170184v2_genomic.bam write /rds/project/rds-4k08a2yyQLw/david/processed/mgefinder/mgefinder/GCF_001701845.2_ASM170184v2_genomic/SAMEA103956444/01.find.SAMEA103956444.GCF_001701845.2_ASM170184v2_genomic.tsv
>>> pair: MGEfinder pair SAMEA103956444 GCF_001701845.2_ASM170184v2_genomic
>>> inferseq_assembly: SAMEA103956444 GCF_001701845.2_ASM170184v2_genomic
>>> bwa: read /rds/project/rds-4k08a2yyQLw/david/processed/mgefinder/00.genome/GCF_001701845.2_ASM170184v2_genomic.fna /rds/project/rds-4k08a2yyQLw/david/raw/fastq/SAMD00052625/DRR061427_1.fastq.gz /rds/project/rds-4k08a2yyQLw/david/raw/fastq/SAMD00052625/DRR061427_2.fastq.gz write /rds/project/rds-4k08a2yyQLw/david/processed/mgefinder/bwa/SAMD00052625.GCF_001701845.2_ASM170184v2_genomic.bwa.sam
>>> pair: MGEfinder pair SAMD00193197 GCF_001701845.2_ASM170184v2_genomic
>>> formatbam: read /rds/project/rds-4k08a2yyQLw/david/processed/mgefinder/bwa/SAMEA103956446.GCF_001701845.2_ASM170184v2_genomic.bwa.sam write /rds/project/rds-4k08a2yyQLw/david/processed/mgefinder/00.bam/SAMEA103956446.GCF_001701845.2_ASM170184v2_genomic.bam
#### CHECKING DEPENDENCIES ####
Current version of snakemake: 7.32.4
Expected version of snakemake: 3.13.3
WARNING: Current version of snakemake does not match expectaction. Proceed with caution
Current version of einverted: EMBOSS:6.6.0.0
Expected version of einverted: EMBOSS:6.6.0.0
Current version of bowtie2: 2.5.4
Expected version of bowtie2: 2.3.5
WARNING: Current version of bowtie2 does not match expectaction. Proceed with caution
Current version of samtools: 1.19.2
Expected version of samtools: 1.9
WARNING: Current version of samtools does not match expectaction. Proceed with caution
Current version of cd-hit: 4.8.1
Expected version of cd-hit: 4.8.1
###############################
Get help documentation with --help.
Get version with --version.
#### PARAMETERS ####
command: formatbam
in_sam: /rds/project/rds-4k08a2yyQLw/david/processed/mgefinder/bwa/SAMEA103956446.GCF_001701845.2_ASM170184v2_genomic.bwa.sam
out_bam: /rds/project/rds-4k08a2yyQLw/david/processed/mgefinder/00.bam/SAMEA103956446.GCF_001701845.2_ASM170184v2_genomic.bam
single_end: False
keep_tmp_files: False
####################
Removing secondary alignments...
>>> inferseq_assembly: SAMD00193197 GCF_001701845.2_ASM170184v2_genomic
>>> bwa: read /rds/project/rds-4k08a2yyQLw/david/processed/mgefinder/00.genome/GCF_001701845.2_ASM170184v2_genomic.fna /rds/project/rds-4k08a2yyQLw/david/raw/fastq/SAMD00646126/DRR504916_1.fastq.gz /rds/project/rds-4k08a2yyQLw/david/raw/fastq/SAMD00646126/DRR504916_2.fastq.gz write /rds/project/rds-4k08a2yyQLw/david/processed/mgefinder/bwa/SAMD00646126.GCF_001701845.2_ASM170184v2_genomic.bwa.sam
Successfully removed secondary alignments...

Formatting bam file for use by mgefinder...
SAM file successfully reformatted...

Sorting the BAM file by chromosomal location...
>>> formatbam: read /rds/project/rds-4k08a2yyQLw/david/processed/mgefinder/bwa/SAMD00052625.GCF_001701845.2_ASM170184v2_genomic.bwa.sam write /rds/project/rds-4k08a2yyQLw/david/processed/mgefinder/00.bam/SAMD00052625.GCF_001701845.2_ASM170184v2_genomic.bam
#### CHECKING DEPENDENCIES ####
Current version of snakemake: 7.32.4
Expected version of snakemake: 3.13.3
WARNING: Current version of snakemake does not match expectaction. Proceed with caution
Current version of einverted: EMBOSS:6.6.0.0
Expected version of einverted: EMBOSS:6.6.0.0
Current version of bowtie2: 2.5.4
Expected version of bowtie2: 2.3.5
WARNING: Current version of bowtie2 does not match expectaction. Proceed with caution
Current version of samtools: 1.19.2
Expected version of samtools: 1.9
WARNING: Current version of samtools does not match expectaction. Proceed with caution
Current version of cd-hit: 4.8.1
Expected version of cd-hit: 4.8.1
###############################
Get help documentation with --help.
Get version with --version.
#### PARAMETERS ####
command: formatbam
in_sam: /rds/project/rds-4k08a2yyQLw/david/processed/mgefinder/bwa/SAMD00052625.GCF_001701845.2_ASM170184v2_genomic.bwa.sam
out_bam: /rds/project/rds-4k08a2yyQLw/david/processed/mgefinder/00.bam/SAMD00052625.GCF_001701845.2_ASM170184v2_genomic.bam
single_end: False
keep_tmp_files: False
####################
Removing secondary alignments...
Successfully removed secondary alignments...

Formatting bam file for use by mgefinder...
BAM file successfully sorted...

Index the sorted BAM file...
BAM file successfully indexed...

>>> find: read /rds/project/rds-4k08a2yyQLw/david/processed/mgefinder/00.bam/SAMEA103956446.GCF_001701845.2_ASM170184v2_genomic.bam write /rds/project/rds-4k08a2yyQLw/david/processed/mgefinder/mgefinder/GCF_001701845.2_ASM170184v2_genomic/SAMEA103956446/01.find.SAMEA103956446.GCF_001701845.2_ASM170184v2_genomic.tsv
>>> pair: MGEfinder pair SAMEA103956446 GCF_001701845.2_ASM170184v2_genomic
>>> inferseq_assembly: SAMEA103956446 GCF_001701845.2_ASM170184v2_genomic
>>> inferseq_reference: SAMEA103956446 GCF_001701845.2_ASM170184v2_genomic
>>> inferseq_reference: SAMD00052603 GCF_001701845.2_ASM170184v2_genomic
>>> inferseq_overlap: SAMD00646128 GCF_001701845.2_ASM170184v2_genomic
>>> inferseq_overlap: SAMEA103956442 GCF_001701845.2_ASM170184v2_genomic
>>> bwa: read /rds/project/rds-4k08a2yyQLw/david/processed/mgefinder/00.genome/GCF_001701845.2_ASM170184v2_genomic.fna /rds/project/rds-4k08a2yyQLw/david/raw/fastq/SAMEA103956438/ERR1911016_1.fastq.gz /rds/project/rds-4k08a2yyQLw/david/raw/fastq/SAMEA103956438/ERR1911016_2.fastq.gz write /rds/project/rds-4k08a2yyQLw/david/processed/mgefinder/bwa/SAMEA103956438.GCF_001701845.2_ASM170184v2_genomic.bwa.sam
SAM file successfully reformatted...

Sorting the BAM file by chromosomal location...
BAM file successfully sorted...

Index the sorted BAM file...
BAM file successfully indexed...

>>> find: read /rds/project/rds-4k08a2yyQLw/david/processed/mgefinder/00.bam/SAMD00052625.GCF_001701845.2_ASM170184v2_genomic.bam write /rds/project/rds-4k08a2yyQLw/david/processed/mgefinder/mgefinder/GCF_001701845.2_ASM170184v2_genomic/SAMD00052625/01.find.SAMD00052625.GCF_001701845.2_ASM170184v2_genomic.tsv
>>> formatbam: read /rds/project/rds-4k08a2yyQLw/david/processed/mgefinder/bwa/SAMEA103956438.GCF_001701845.2_ASM170184v2_genomic.bwa.sam write /rds/project/rds-4k08a2yyQLw/david/processed/mgefinder/00.bam/SAMEA103956438.GCF_001701845.2_ASM170184v2_genomic.bam
#### CHECKING DEPENDENCIES ####
Current version of snakemake: 7.32.4
Expected version of snakemake: 3.13.3
WARNING: Current version of snakemake does not match expectaction. Proceed with caution
Current version of einverted: EMBOSS:6.6.0.0
Expected version of einverted: EMBOSS:6.6.0.0
Current version of bowtie2: 2.5.4
Expected version of bowtie2: 2.3.5
WARNING: Current version of bowtie2 does not match expectaction. Proceed with caution
Current version of samtools: 1.19.2
Expected version of samtools: 1.9
WARNING: Current version of samtools does not match expectaction. Proceed with caution
Current version of cd-hit: 4.8.1
Expected version of cd-hit: 4.8.1
###############################
Get help documentation with --help.
Get version with --version.
#### PARAMETERS ####
command: formatbam
in_sam: /rds/project/rds-4k08a2yyQLw/david/processed/mgefinder/bwa/SAMEA103956438.GCF_001701845.2_ASM170184v2_genomic.bwa.sam
out_bam: /rds/project/rds-4k08a2yyQLw/david/processed/mgefinder/00.bam/SAMEA103956438.GCF_001701845.2_ASM170184v2_genomic.bam
single_end: False
keep_tmp_files: False
####################
Removing secondary alignments...
Successfully removed secondary alignments...

Formatting bam file for use by mgefinder...
>>> pair: MGEfinder pair SAMD00052625 GCF_001701845.2_ASM170184v2_genomic
>>> inferseq_assembly: SAMD00052625 GCF_001701845.2_ASM170184v2_genomic
>>> inferseq_reference: SAMEA103956442 GCF_001701845.2_ASM170184v2_genomic
>>> inferseq_overlap: SAMD00052625 GCF_001701845.2_ASM170184v2_genomic
>>> inferseq_reference: SAMD00646128 GCF_001701845.2_ASM170184v2_genomic
>>> inferseq_overlap: SAMEA103956443 GCF_001701845.2_ASM170184v2_genomic
>>> inferseq_overlap: SAMEA103956439 GCF_001701845.2_ASM170184v2_genomic
SAM file successfully reformatted...

Sorting the BAM file by chromosomal location...
>>> inferseq_overlap: SAMD00193197 GCF_001701845.2_ASM170184v2_genomic
>>> inferseq_overlap: SAMEA103956440 GCF_001701845.2_ASM170184v2_genomic
>>> inferseq_overlap: SAMEA103956445 GCF_001701845.2_ASM170184v2_genomic
>>> inferseq_reference: SAMD00193197 GCF_001701845.2_ASM170184v2_genomic
>>> inferseq_reference: SAMD00052621 GCF_001701845.2_ASM170184v2_genomic
>>> inferseq_reference: SAMD00066597 GCF_001701845.2_ASM170184v2_genomic
>>> inferseq_reference: SAMEA103956439 GCF_001701845.2_ASM170184v2_genomic
>>> inferseq_overlap: SAMD00066597 GCF_001701845.2_ASM170184v2_genomic
>>> inferseq_reference: SAMEA103956443 GCF_001701845.2_ASM170184v2_genomic
>>> inferseq_overlap: SAMD00099771 GCF_001701845.2_ASM170184v2_genomic
>>> inferseq_reference: SAMEA103956444 GCF_001701845.2_ASM170184v2_genomic
>>> inferseq_overlap: SAMEA103956446 GCF_001701845.2_ASM170184v2_genomic
>>> inferseq_reference: SAMD00099771 GCF_001701845.2_ASM170184v2_genomic
>>> inferseq_reference: SAMD00052625 GCF_001701845.2_ASM170184v2_genomic
>>> bwa: read /rds/project/rds-4k08a2yyQLw/david/processed/mgefinder/00.genome/GCF_001701845.2_ASM170184v2_genomic.fna /rds/project/rds-4k08a2yyQLw/david/raw/fastq/SAMD00052619/DRR061421_1.fastq.gz /rds/project/rds-4k08a2yyQLw/david/raw/fastq/SAMD00052619/DRR061421_2.fastq.gz write /rds/project/rds-4k08a2yyQLw/david/processed/mgefinder/bwa/SAMD00052619.GCF_001701845.2_ASM170184v2_genomic.bwa.sam
BAM file successfully sorted...

Index the sorted BAM file...
BAM file successfully indexed...

>>> find: read /rds/project/rds-4k08a2yyQLw/david/processed/mgefinder/00.bam/SAMEA103956438.GCF_001701845.2_ASM170184v2_genomic.bam write /rds/project/rds-4k08a2yyQLw/david/processed/mgefinder/mgefinder/GCF_001701845.2_ASM170184v2_genomic/SAMEA103956438/01.find.SAMEA103956438.GCF_001701845.2_ASM170184v2_genomic.tsv
>>> pair: MGEfinder pair SAMEA103956438 GCF_001701845.2_ASM170184v2_genomic
>>> inferseq_assembly: SAMEA103956438 GCF_001701845.2_ASM170184v2_genomic
>>> inferseq_overlap: SAMEA103956438 GCF_001701845.2_ASM170184v2_genomic
>>> inferseq_reference: SAMEA103956438 GCF_001701845.2_ASM170184v2_genomic
>>> inferseq_overlap: SAMEA103956444 GCF_001701845.2_ASM170184v2_genomic
>>> inferseq_reference: SAMEA103956445 GCF_001701845.2_ASM170184v2_genomic
SAM file successfully reformatted...

Sorting the BAM file by chromosomal location...
>>> formatbam: read /rds/project/rds-4k08a2yyQLw/david/processed/mgefinder/bwa/SAMD00052619.GCF_001701845.2_ASM170184v2_genomic.bwa.sam write /rds/project/rds-4k08a2yyQLw/david/processed/mgefinder/00.bam/SAMD00052619.GCF_001701845.2_ASM170184v2_genomic.bam
#### CHECKING DEPENDENCIES ####
Current version of snakemake: 7.32.4
Expected version of snakemake: 3.13.3
WARNING: Current version of snakemake does not match expectaction. Proceed with caution
Current version of einverted: EMBOSS:6.6.0.0
Expected version of einverted: EMBOSS:6.6.0.0
Current version of bowtie2: 2.5.4
Expected version of bowtie2: 2.3.5
WARNING: Current version of bowtie2 does not match expectaction. Proceed with caution
Current version of samtools: 1.19.2
Expected version of samtools: 1.9
WARNING: Current version of samtools does not match expectaction. Proceed with caution
Current version of cd-hit: 4.8.1
Expected version of cd-hit: 4.8.1
###############################
Get help documentation with --help.
Get version with --version.
#### PARAMETERS ####
command: formatbam
in_sam: /rds/project/rds-4k08a2yyQLw/david/processed/mgefinder/bwa/SAMD00052619.GCF_001701845.2_ASM170184v2_genomic.bwa.sam
out_bam: /rds/project/rds-4k08a2yyQLw/david/processed/mgefinder/00.bam/SAMD00052619.GCF_001701845.2_ASM170184v2_genomic.bam
single_end: False
keep_tmp_files: False
####################
Removing secondary alignments...
Successfully removed secondary alignments...

Formatting bam file for use by mgefinder...
BAM file successfully sorted...

Index the sorted BAM file...
BAM file successfully indexed...

>>> find: read /rds/project/rds-4k08a2yyQLw/david/processed/mgefinder/00.bam/SAMD00646127.GCF_001701845.2_ASM170184v2_genomic.bam write /rds/project/rds-4k08a2yyQLw/david/processed/mgefinder/mgefinder/GCF_001701845.2_ASM170184v2_genomic/SAMD00646127/01.find.SAMD00646127.GCF_001701845.2_ASM170184v2_genomic.tsv
SAM file successfully reformatted...

Sorting the BAM file by chromosomal location...
BAM file successfully sorted...

Index the sorted BAM file...
BAM file successfully indexed...

>>> find: read /rds/project/rds-4k08a2yyQLw/david/processed/mgefinder/00.bam/SAMD00052619.GCF_001701845.2_ASM170184v2_genomic.bam write /rds/project/rds-4k08a2yyQLw/david/processed/mgefinder/mgefinder/GCF_001701845.2_ASM170184v2_genomic/SAMD00052619/01.find.SAMD00052619.GCF_001701845.2_ASM170184v2_genomic.tsv
>>> pair: MGEfinder pair SAMD00052619 GCF_001701845.2_ASM170184v2_genomic
>>> inferseq_reference: SAMD00052619 GCF_001701845.2_ASM170184v2_genomic
>>> inferseq_assembly: SAMD00052619 GCF_001701845.2_ASM170184v2_genomic
>>> inferseq_overlap: SAMD00052619 GCF_001701845.2_ASM170184v2_genomic
>>> formatbam: read /rds/project/rds-4k08a2yyQLw/david/processed/mgefinder/bwa/SAMD00646126.GCF_001701845.2_ASM170184v2_genomic.bwa.sam write /rds/project/rds-4k08a2yyQLw/david/processed/mgefinder/00.bam/SAMD00646126.GCF_001701845.2_ASM170184v2_genomic.bam
#### CHECKING DEPENDENCIES ####
Current version of snakemake: 7.32.4
Expected version of snakemake: 3.13.3
WARNING: Current version of snakemake does not match expectaction. Proceed with caution
Current version of einverted: EMBOSS:6.6.0.0
Expected version of einverted: EMBOSS:6.6.0.0
Current version of bowtie2: 2.5.4
Expected version of bowtie2: 2.3.5
WARNING: Current version of bowtie2 does not match expectaction. Proceed with caution
Current version of samtools: 1.19.2
Expected version of samtools: 1.9
WARNING: Current version of samtools does not match expectaction. Proceed with caution
Current version of cd-hit: 4.8.1
Expected version of cd-hit: 4.8.1
###############################
Get help documentation with --help.
Get version with --version.
#### PARAMETERS ####
command: formatbam
in_sam: /rds/project/rds-4k08a2yyQLw/david/processed/mgefinder/bwa/SAMD00646126.GCF_001701845.2_ASM170184v2_genomic.bwa.sam
out_bam: /rds/project/rds-4k08a2yyQLw/david/processed/mgefinder/00.bam/SAMD00646126.GCF_001701845.2_ASM170184v2_genomic.bam
single_end: False
keep_tmp_files: False
####################
Removing secondary alignments...
Successfully removed secondary alignments...

Formatting bam file for use by mgefinder...
SAM file successfully reformatted...

Sorting the BAM file by chromosomal location...
BAM file successfully sorted...

Index the sorted BAM file...
BAM file successfully indexed...

>>> find: read /rds/project/rds-4k08a2yyQLw/david/processed/mgefinder/00.bam/SAMD00646126.GCF_001701845.2_ASM170184v2_genomic.bam write /rds/project/rds-4k08a2yyQLw/david/processed/mgefinder/mgefinder/GCF_001701845.2_ASM170184v2_genomic/SAMD00646126/01.find.SAMD00646126.GCF_001701845.2_ASM170184v2_genomic.tsv
>>> pair: MGEfinder pair SAMD00646127 GCF_001701845.2_ASM170184v2_genomic
>>> inferseq_assembly: SAMD00646127 GCF_001701845.2_ASM170184v2_genomic
>>> inferseq_overlap: SAMD00646127 GCF_001701845.2_ASM170184v2_genomic
>>> inferseq_reference: SAMD00646127 GCF_001701845.2_ASM170184v2_genomic
>>> pair: MGEfinder pair SAMD00646126 GCF_001701845.2_ASM170184v2_genomic
>>> inferseq_assembly: SAMD00646126 GCF_001701845.2_ASM170184v2_genomic
>>> inferseq_overlap: SAMD00646126 GCF_001701845.2_ASM170184v2_genomic
>>> inferseq_reference: SAMD00646126 GCF_001701845.2_ASM170184v2_genomic
MGEfinder paths: data_dir (read) = /rds/project/rds-4k08a2yyQLw/david | wd (write) = /rds/project/rds-4k08a2yyQLw/david/processed/mgefinder
  subdirs under wd: genome_dir = /rds/project/rds-4k08a2yyQLw/david/processed/mgefinder/00.genome | assembly_dir = /rds/project/rds-4k08a2yyQLw/david/processed/mgefinder/00.assembly | bam_dir = /rds/project/rds-4k08a2yyQLw/david/processed/mgefinder/00.bam | bwa_dir = /rds/project/rds-4k08a2yyQLw/david/processed/mgefinder/bwa
MGEfinder paths: data_dir (read) = /rds/project/rds-4k08a2yyQLw/david | wd (write) = /rds/project/rds-4k08a2yyQLw/david/processed/mgefinder
  subdirs under wd: genome_dir = /rds/project/rds-4k08a2yyQLw/david/processed/mgefinder/00.genome | assembly_dir = /rds/project/rds-4k08a2yyQLw/david/processed/mgefinder/00.assembly | bam_dir = /rds/project/rds-4k08a2yyQLw/david/processed/mgefinder/00.bam | bwa_dir = /rds/project/rds-4k08a2yyQLw/david/processed/mgefinder/bwa
>>> make_database: building database for GCF_001701845.2_ASM170184v2_genomic
#### CHECKING DEPENDENCIES ####
Current version of snakemake: 7.32.4
Expected version of snakemake: 3.13.3
WARNING: Current version of snakemake does not match expectaction. Proceed with caution
Current version of einverted: EMBOSS:6.6.0.0
Expected version of einverted: EMBOSS:6.6.0.0
Current version of bowtie2: 2.5.4
Expected version of bowtie2: 2.3.5
WARNING: Current version of bowtie2 does not match expectaction. Proceed with caution
Current version of samtools: 1.19.2
Expected version of samtools: 1.9
WARNING: Current version of samtools does not match expectaction. Proceed with caution
Current version of cd-hit: 4.8.1
Expected version of cd-hit: 4.8.1
###############################
Get help documentation with --help.
Get version with --version.
#### PARAMETERS ####
command: makedatabase
inferseqfiles: ('/rds/project/rds-4k08a2yyQLw/david/processed/mgefinder/mgefinder/GCF_001701845.2_ASM170184v2_genomic/GCF_001701845.2_ASM170184v2_genomic.all_inferseq.txt',)
minimum_size: 30
maximum_size: 200000
threads: 4
memory: 16000
force: True
output_dir: /rds/project/rds-4k08a2yyQLw/david/processed/mgefinder/database/GCF_001701845.2_ASM170184v2_genomic
prefix: GCF_001701845.2_ASM170184v2_genomic.database
####################
Parsing inferseq files
Combining the inferseq files...
Loading file 1/60: /rds/project/rds-4k08a2yyQLw/david/processed/mgefinder/mgefinder/GCF_001701845.2_ASM170184v2_genomic/SAMD00052619/03.inferseq_assembly.SAMD00052619.GCF_001701845.2_ASM170184v2_genomic.tsv
Loading file 2/60: /rds/project/rds-4k08a2yyQLw/david/processed/mgefinder/mgefinder/GCF_001701845.2_ASM170184v2_genomic/SAMEA103956438/03.inferseq_assembly.SAMEA103956438.GCF_001701845.2_ASM170184v2_genomic.tsv
Loading file 3/60: /rds/project/rds-4k08a2yyQLw/david/processed/mgefinder/mgefinder/GCF_001701845.2_ASM170184v2_genomic/SAMEA103956439/03.inferseq_assembly.SAMEA103956439.GCF_001701845.2_ASM170184v2_genomic.tsv
Loading file 4/60: /rds/project/rds-4k08a2yyQLw/david/processed/mgefinder/mgefinder/GCF_001701845.2_ASM170184v2_genomic/SAMEA103956440/03.inferseq_assembly.SAMEA103956440.GCF_001701845.2_ASM170184v2_genomic.tsv
Loading file 5/60: /rds/project/rds-4k08a2yyQLw/david/processed/mgefinder/mgefinder/GCF_001701845.2_ASM170184v2_genomic/SAMEA103956441/03.inferseq_assembly.SAMEA103956441.GCF_001701845.2_ASM170184v2_genomic.tsv
Loading file 6/60: /rds/project/rds-4k08a2yyQLw/david/processed/mgefinder/mgefinder/GCF_001701845.2_ASM170184v2_genomic/SAMEA103956442/03.inferseq_assembly.SAMEA103956442.GCF_001701845.2_ASM170184v2_genomic.tsv
Loading file 7/60: /rds/project/rds-4k08a2yyQLw/david/processed/mgefinder/mgefinder/GCF_001701845.2_ASM170184v2_genomic/SAMEA103956443/03.inferseq_assembly.SAMEA103956443.GCF_001701845.2_ASM170184v2_genomic.tsv
Loading file 8/60: /rds/project/rds-4k08a2yyQLw/david/processed/mgefinder/mgefinder/GCF_001701845.2_ASM170184v2_genomic/SAMEA103956444/03.inferseq_assembly.SAMEA103956444.GCF_001701845.2_ASM170184v2_genomic.tsv
Loading file 9/60: /rds/project/rds-4k08a2yyQLw/david/processed/mgefinder/mgefinder/GCF_001701845.2_ASM170184v2_genomic/SAMEA103956445/03.inferseq_assembly.SAMEA103956445.GCF_001701845.2_ASM170184v2_genomic.tsv
Loading file 10/60: /rds/project/rds-4k08a2yyQLw/david/processed/mgefinder/mgefinder/GCF_001701845.2_ASM170184v2_genomic/SAMEA103956446/03.inferseq_assembly.SAMEA103956446.GCF_001701845.2_ASM170184v2_genomic.tsv
Loading file 11/60: /rds/project/rds-4k08a2yyQLw/david/processed/mgefinder/mgefinder/GCF_001701845.2_ASM170184v2_genomic/SAMD00052601/03.inferseq_assembly.SAMD00052601.GCF_001701845.2_ASM170184v2_genomic.tsv
Loading file 12/60: /rds/project/rds-4k08a2yyQLw/david/processed/mgefinder/mgefinder/GCF_001701845.2_ASM170184v2_genomic/SAMD00052603/03.inferseq_assembly.SAMD00052603.GCF_001701845.2_ASM170184v2_genomic.tsv
Loading file 13/60: /rds/project/rds-4k08a2yyQLw/david/processed/mgefinder/mgefinder/GCF_001701845.2_ASM170184v2_genomic/SAMD00052621/03.inferseq_assembly.SAMD00052621.GCF_001701845.2_ASM170184v2_genomic.tsv
Loading file 14/60: /rds/project/rds-4k08a2yyQLw/david/processed/mgefinder/mgefinder/GCF_001701845.2_ASM170184v2_genomic/SAMD00052625/03.inferseq_assembly.SAMD00052625.GCF_001701845.2_ASM170184v2_genomic.tsv
Loading file 15/60: /rds/project/rds-4k08a2yyQLw/david/processed/mgefinder/mgefinder/GCF_001701845.2_ASM170184v2_genomic/SAMD00066597/03.inferseq_assembly.SAMD00066597.GCF_001701845.2_ASM170184v2_genomic.tsv
Loading file 16/60: /rds/project/rds-4k08a2yyQLw/david/processed/mgefinder/mgefinder/GCF_001701845.2_ASM170184v2_genomic/SAMD00099771/03.inferseq_assembly.SAMD00099771.GCF_001701845.2_ASM170184v2_genomic.tsv
Loading file 17/60: /rds/project/rds-4k08a2yyQLw/david/processed/mgefinder/mgefinder/GCF_001701845.2_ASM170184v2_genomic/SAMD00193197/03.inferseq_assembly.SAMD00193197.GCF_001701845.2_ASM170184v2_genomic.tsv
Loading file 18/60: /rds/project/rds-4k08a2yyQLw/david/processed/mgefinder/mgefinder/GCF_001701845.2_ASM170184v2_genomic/SAMD00646126/03.inferseq_assembly.SAMD00646126.GCF_001701845.2_ASM170184v2_genomic.tsv
Loading file 19/60: /rds/project/rds-4k08a2yyQLw/david/processed/mgefinder/mgefinder/GCF_001701845.2_ASM170184v2_genomic/SAMD00646127/03.inferseq_assembly.SAMD00646127.GCF_001701845.2_ASM170184v2_genomic.tsv
Loading file 20/60: /rds/project/rds-4k08a2yyQLw/david/processed/mgefinder/mgefinder/GCF_001701845.2_ASM170184v2_genomic/SAMD00646128/03.inferseq_assembly.SAMD00646128.GCF_001701845.2_ASM170184v2_genomic.tsv
Loading file 21/60: /rds/project/rds-4k08a2yyQLw/david/processed/mgefinder/mgefinder/GCF_001701845.2_ASM170184v2_genomic/SAMD00052619/03.inferseq_reference.SAMD00052619.GCF_001701845.2_ASM170184v2_genomic.tsv
Loading file 22/60: /rds/project/rds-4k08a2yyQLw/david/processed/mgefinder/mgefinder/GCF_001701845.2_ASM170184v2_genomic/SAMEA103956438/03.inferseq_reference.SAMEA103956438.GCF_001701845.2_ASM170184v2_genomic.tsv
Loading file 23/60: /rds/project/rds-4k08a2yyQLw/david/processed/mgefinder/mgefinder/GCF_001701845.2_ASM170184v2_genomic/SAMEA103956439/03.inferseq_reference.SAMEA103956439.GCF_001701845.2_ASM170184v2_genomic.tsv
Loading file 24/60: /rds/project/rds-4k08a2yyQLw/david/processed/mgefinder/mgefinder/GCF_001701845.2_ASM170184v2_genomic/SAMEA103956440/03.inferseq_reference.SAMEA103956440.GCF_001701845.2_ASM170184v2_genomic.tsv
Loading file 25/60: /rds/project/rds-4k08a2yyQLw/david/processed/mgefinder/mgefinder/GCF_001701845.2_ASM170184v2_genomic/SAMEA103956441/03.inferseq_reference.SAMEA103956441.GCF_001701845.2_ASM170184v2_genomic.tsv
Loading file 26/60: /rds/project/rds-4k08a2yyQLw/david/processed/mgefinder/mgefinder/GCF_001701845.2_ASM170184v2_genomic/SAMEA103956442/03.inferseq_reference.SAMEA103956442.GCF_001701845.2_ASM170184v2_genomic.tsv
Loading file 27/60: /rds/project/rds-4k08a2yyQLw/david/processed/mgefinder/mgefinder/GCF_001701845.2_ASM170184v2_genomic/SAMEA103956443/03.inferseq_reference.SAMEA103956443.GCF_001701845.2_ASM170184v2_genomic.tsv
Loading file 28/60: /rds/project/rds-4k08a2yyQLw/david/processed/mgefinder/mgefinder/GCF_001701845.2_ASM170184v2_genomic/SAMEA103956444/03.inferseq_reference.SAMEA103956444.GCF_001701845.2_ASM170184v2_genomic.tsv
Loading file 29/60: /rds/project/rds-4k08a2yyQLw/david/processed/mgefinder/mgefinder/GCF_001701845.2_ASM170184v2_genomic/SAMEA103956445/03.inferseq_reference.SAMEA103956445.GCF_001701845.2_ASM170184v2_genomic.tsv
Loading file 30/60: /rds/project/rds-4k08a2yyQLw/david/processed/mgefinder/mgefinder/GCF_001701845.2_ASM170184v2_genomic/SAMEA103956446/03.inferseq_reference.SAMEA103956446.GCF_001701845.2_ASM170184v2_genomic.tsv
Loading file 31/60: /rds/project/rds-4k08a2yyQLw/david/processed/mgefinder/mgefinder/GCF_001701845.2_ASM170184v2_genomic/SAMD00052601/03.inferseq_reference.SAMD00052601.GCF_001701845.2_ASM170184v2_genomic.tsv
Loading file 32/60: /rds/project/rds-4k08a2yyQLw/david/processed/mgefinder/mgefinder/GCF_001701845.2_ASM170184v2_genomic/SAMD00052603/03.inferseq_reference.SAMD00052603.GCF_001701845.2_ASM170184v2_genomic.tsv
Loading file 33/60: /rds/project/rds-4k08a2yyQLw/david/processed/mgefinder/mgefinder/GCF_001701845.2_ASM170184v2_genomic/SAMD00052621/03.inferseq_reference.SAMD00052621.GCF_001701845.2_ASM170184v2_genomic.tsv
Loading file 34/60: /rds/project/rds-4k08a2yyQLw/david/processed/mgefinder/mgefinder/GCF_001701845.2_ASM170184v2_genomic/SAMD00052625/03.inferseq_reference.SAMD00052625.GCF_001701845.2_ASM170184v2_genomic.tsv
Loading file 35/60: /rds/project/rds-4k08a2yyQLw/david/processed/mgefinder/mgefinder/GCF_001701845.2_ASM170184v2_genomic/SAMD00066597/03.inferseq_reference.SAMD00066597.GCF_001701845.2_ASM170184v2_genomic.tsv
Loading file 36/60: /rds/project/rds-4k08a2yyQLw/david/processed/mgefinder/mgefinder/GCF_001701845.2_ASM170184v2_genomic/SAMD00099771/03.inferseq_reference.SAMD00099771.GCF_001701845.2_ASM170184v2_genomic.tsv
Loading file 37/60: /rds/project/rds-4k08a2yyQLw/david/processed/mgefinder/mgefinder/GCF_001701845.2_ASM170184v2_genomic/SAMD00193197/03.inferseq_reference.SAMD00193197.GCF_001701845.2_ASM170184v2_genomic.tsv
Loading file 38/60: /rds/project/rds-4k08a2yyQLw/david/processed/mgefinder/mgefinder/GCF_001701845.2_ASM170184v2_genomic/SAMD00646126/03.inferseq_reference.SAMD00646126.GCF_001701845.2_ASM170184v2_genomic.tsv
Loading file 39/60: /rds/project/rds-4k08a2yyQLw/david/processed/mgefinder/mgefinder/GCF_001701845.2_ASM170184v2_genomic/SAMD00646127/03.inferseq_reference.SAMD00646127.GCF_001701845.2_ASM170184v2_genomic.tsv
Loading file 40/60: /rds/project/rds-4k08a2yyQLw/david/processed/mgefinder/mgefinder/GCF_001701845.2_ASM170184v2_genomic/SAMD00646128/03.inferseq_reference.SAMD00646128.GCF_001701845.2_ASM170184v2_genomic.tsv
Loading file 41/60: /rds/project/rds-4k08a2yyQLw/david/processed/mgefinder/mgefinder/GCF_001701845.2_ASM170184v2_genomic/SAMD00052619/03.inferseq_overlap.SAMD00052619.GCF_001701845.2_ASM170184v2_genomic.tsv
Loading file 42/60: /rds/project/rds-4k08a2yyQLw/david/processed/mgefinder/mgefinder/GCF_001701845.2_ASM170184v2_genomic/SAMEA103956438/03.inferseq_overlap.SAMEA103956438.GCF_001701845.2_ASM170184v2_genomic.tsv
Loading file 43/60: /rds/project/rds-4k08a2yyQLw/david/processed/mgefinder/mgefinder/GCF_001701845.2_ASM170184v2_genomic/SAMEA103956439/03.inferseq_overlap.SAMEA103956439.GCF_001701845.2_ASM170184v2_genomic.tsv
Loading file 44/60: /rds/project/rds-4k08a2yyQLw/david/processed/mgefinder/mgefinder/GCF_001701845.2_ASM170184v2_genomic/SAMEA103956440/03.inferseq_overlap.SAMEA103956440.GCF_001701845.2_ASM170184v2_genomic.tsv
Loading file 45/60: /rds/project/rds-4k08a2yyQLw/david/processed/mgefinder/mgefinder/GCF_001701845.2_ASM170184v2_genomic/SAMEA103956441/03.inferseq_overlap.SAMEA103956441.GCF_001701845.2_ASM170184v2_genomic.tsv
Loading file 46/60: /rds/project/rds-4k08a2yyQLw/david/processed/mgefinder/mgefinder/GCF_001701845.2_ASM170184v2_genomic/SAMEA103956442/03.inferseq_overlap.SAMEA103956442.GCF_001701845.2_ASM170184v2_genomic.tsv
Loading file 47/60: /rds/project/rds-4k08a2yyQLw/david/processed/mgefinder/mgefinder/GCF_001701845.2_ASM170184v2_genomic/SAMEA103956443/03.inferseq_overlap.SAMEA103956443.GCF_001701845.2_ASM170184v2_genomic.tsv
Loading file 48/60: /rds/project/rds-4k08a2yyQLw/david/processed/mgefinder/mgefinder/GCF_001701845.2_ASM170184v2_genomic/SAMEA103956444/03.inferseq_overlap.SAMEA103956444.GCF_001701845.2_ASM170184v2_genomic.tsv
Loading file 49/60: /rds/project/rds-4k08a2yyQLw/david/processed/mgefinder/mgefinder/GCF_001701845.2_ASM170184v2_genomic/SAMEA103956445/03.inferseq_overlap.SAMEA103956445.GCF_001701845.2_ASM170184v2_genomic.tsv
Loading file 50/60: /rds/project/rds-4k08a2yyQLw/david/processed/mgefinder/mgefinder/GCF_001701845.2_ASM170184v2_genomic/SAMEA103956446/03.inferseq_overlap.SAMEA103956446.GCF_001701845.2_ASM170184v2_genomic.tsv
Loading file 51/60: /rds/project/rds-4k08a2yyQLw/david/processed/mgefinder/mgefinder/GCF_001701845.2_ASM170184v2_genomic/SAMD00052601/03.inferseq_overlap.SAMD00052601.GCF_001701845.2_ASM170184v2_genomic.tsv
Loading file 52/60: /rds/project/rds-4k08a2yyQLw/david/processed/mgefinder/mgefinder/GCF_001701845.2_ASM170184v2_genomic/SAMD00052603/03.inferseq_overlap.SAMD00052603.GCF_001701845.2_ASM170184v2_genomic.tsv
Loading file 53/60: /rds/project/rds-4k08a2yyQLw/david/processed/mgefinder/mgefinder/GCF_001701845.2_ASM170184v2_genomic/SAMD00052621/03.inferseq_overlap.SAMD00052621.GCF_001701845.2_ASM170184v2_genomic.tsv
Loading file 54/60: /rds/project/rds-4k08a2yyQLw/david/processed/mgefinder/mgefinder/GCF_001701845.2_ASM170184v2_genomic/SAMD00052625/03.inferseq_overlap.SAMD00052625.GCF_001701845.2_ASM170184v2_genomic.tsv
Loading file 55/60: /rds/project/rds-4k08a2yyQLw/david/processed/mgefinder/mgefinder/GCF_001701845.2_ASM170184v2_genomic/SAMD00066597/03.inferseq_overlap.SAMD00066597.GCF_001701845.2_ASM170184v2_genomic.tsv
Loading file 56/60: /rds/project/rds-4k08a2yyQLw/david/processed/mgefinder/mgefinder/GCF_001701845.2_ASM170184v2_genomic/SAMD00099771/03.inferseq_overlap.SAMD00099771.GCF_001701845.2_ASM170184v2_genomic.tsv
Loading file 57/60: /rds/project/rds-4k08a2yyQLw/david/processed/mgefinder/mgefinder/GCF_001701845.2_ASM170184v2_genomic/SAMD00193197/03.inferseq_overlap.SAMD00193197.GCF_001701845.2_ASM170184v2_genomic.tsv
Loading file 58/60: /rds/project/rds-4k08a2yyQLw/david/processed/mgefinder/mgefinder/GCF_001701845.2_ASM170184v2_genomic/SAMD00646126/03.inferseq_overlap.SAMD00646126.GCF_001701845.2_ASM170184v2_genomic.tsv
Loading file 59/60: /rds/project/rds-4k08a2yyQLw/david/processed/mgefinder/mgefinder/GCF_001701845.2_ASM170184v2_genomic/SAMD00646127/03.inferseq_overlap.SAMD00646127.GCF_001701845.2_ASM170184v2_genomic.tsv
Loading file 60/60: /rds/project/rds-4k08a2yyQLw/david/processed/mgefinder/mgefinder/GCF_001701845.2_ASM170184v2_genomic/SAMD00646128/03.inferseq_overlap.SAMD00646128.GCF_001701845.2_ASM170184v2_genomic.tsv
Deleting old database directory...
Clustering at 100% identity...
================================================================
Program: CD-HIT, V4.8.1 (+OpenMP), Nov 12 2024, 10:35:24
Command: cd-hit-est -g 1 -aL 0.99 -aS 0.99 -d 0 -c 0.99 -T 4
         -M 16000 -i
         /rds/project/rds-4k08a2yyQLw/david/processed/mgefinder/database/GCF_001701845.2_ASM170184v2_genomic/mgefinder.inferseq.100p.fna
         -o
         /rds/project/rds-4k08a2yyQLw/david/processed/mgefinder/database/GCF_001701845.2_ASM170184v2_genomic/mgefinder.inferseq.perc_ident.fna

Started: Sat Feb 21 20:50:57 2026
================================================================
                            Output                              
----------------------------------------------------------------
total seq: 27
longest and shortest : 9907 and 99
Total letters: 48539
Sequences have been sorted

Approximated minimal memory consumption:
Sequence        : 0M
Buffer          : 4 X 19M = 78M
Table           : 2 X 16M = 33M
Miscellaneous   : 4M
Total           : 116M

Table limit with the given memory limit:
Max number of representatives: 4000000
Max number of word counting entries: 1985441598

# comparing sequences from          0  to         27
---------- new table with       22 representatives

       27  finished         22  clusters

Approximated maximum memory consumption: 116M
writing new database
writing clustering information
program completed !

Total CPU time 0.08
Indexing database for use with bowtie2
>>> inferseq_database: SAMD00099771 GCF_001701845.2_ASM170184v2_genomic
>>> inferseq_database: SAMD00646128 GCF_001701845.2_ASM170184v2_genomic
>>> inferseq_database: SAMEA103956442 GCF_001701845.2_ASM170184v2_genomic
>>> inferseq_database: SAMD00052621 GCF_001701845.2_ASM170184v2_genomic
>>> inferseq_database: SAMEA103956445 GCF_001701845.2_ASM170184v2_genomic
>>> inferseq_database: SAMD00052601 GCF_001701845.2_ASM170184v2_genomic
>>> inferseq_database: SAMEA103956439 GCF_001701845.2_ASM170184v2_genomic
>>> inferseq_database: SAMEA103956446 GCF_001701845.2_ASM170184v2_genomic
>>> inferseq_database: SAMD00193197 GCF_001701845.2_ASM170184v2_genomic
>>> inferseq_database: SAMEA103956441 GCF_001701845.2_ASM170184v2_genomic
>>> inferseq_database: SAMEA103956443 GCF_001701845.2_ASM170184v2_genomic
>>> inferseq_database: SAMD00646127 GCF_001701845.2_ASM170184v2_genomic
>>> inferseq_database: SAMD00066597 GCF_001701845.2_ASM170184v2_genomic
>>> inferseq_database: SAMD00052619 GCF_001701845.2_ASM170184v2_genomic
>>> inferseq_database: SAMEA103956444 GCF_001701845.2_ASM170184v2_genomic
>>> inferseq_database: SAMEA103956440 GCF_001701845.2_ASM170184v2_genomic
>>> inferseq_database: SAMD00052603 GCF_001701845.2_ASM170184v2_genomic
>>> inferseq_database: SAMD00646126 GCF_001701845.2_ASM170184v2_genomic
>>> inferseq_database: SAMD00052625 GCF_001701845.2_ASM170184v2_genomic
>>> inferseq_database: SAMEA103956438 GCF_001701845.2_ASM170184v2_genomic
MGEfinder paths: data_dir (read) = /rds/project/rds-4k08a2yyQLw/david | wd (write) = /rds/project/rds-4k08a2yyQLw/david/processed/mgefinder
  subdirs under wd: genome_dir = /rds/project/rds-4k08a2yyQLw/david/processed/mgefinder/00.genome | assembly_dir = /rds/project/rds-4k08a2yyQLw/david/processed/mgefinder/00.assembly | bam_dir = /rds/project/rds-4k08a2yyQLw/david/processed/mgefinder/00.bam | bwa_dir = /rds/project/rds-4k08a2yyQLw/david/processed/mgefinder/bwa
>>> clusterseq: clustering sequences for GCF_001701845.2_ASM170184v2_genomic
#### CHECKING DEPENDENCIES ####
Current version of snakemake: 7.32.4
Expected version of snakemake: 3.13.3
WARNING: Current version of snakemake does not match expectaction. Proceed with caution
Current version of einverted: EMBOSS:6.6.0.0
Expected version of einverted: EMBOSS:6.6.0.0
Current version of bowtie2: 2.5.4
Expected version of bowtie2: 2.3.5
WARNING: Current version of bowtie2 does not match expectaction. Proceed with caution
Current version of samtools: 1.19.2
Expected version of samtools: 1.9
WARNING: Current version of samtools does not match expectaction. Proceed with caution
Current version of cd-hit: 4.8.1
Expected version of cd-hit: 4.8.1
###############################
Get help documentation with --help.
Get version with --version.
#### PARAMETERS ####
command: clusterseq
inferseqfiles: ('/rds/project/rds-4k08a2yyQLw/david/processed/mgefinder/mgefinder/GCF_001701845.2_ASM170184v2_genomic/GCF_001701845.2_ASM170184v2_genomic.all_inferseq_database.txt',)
minimum_size: 70
maximum_size: 200000
threads: 4
memory: 16000
output_file: /rds/project/rds-4k08a2yyQLw/david/processed/mgefinder/results/GCF_001701845.2_ASM170184v2_genomic/01.clusterseq.GCF_001701845.2_ASM170184v2_genomic.tsv
####################
Parsing inferseq files
Combining the inferseq files...
Loading file 1/80: /rds/project/rds-4k08a2yyQLw/david/processed/mgefinder/mgefinder/GCF_001701845.2_ASM170184v2_genomic/SAMD00052619/03.inferseq_assembly.SAMD00052619.GCF_001701845.2_ASM170184v2_genomic.tsv
Loading file 2/80: /rds/project/rds-4k08a2yyQLw/david/processed/mgefinder/mgefinder/GCF_001701845.2_ASM170184v2_genomic/SAMEA103956438/03.inferseq_assembly.SAMEA103956438.GCF_001701845.2_ASM170184v2_genomic.tsv
Loading file 3/80: /rds/project/rds-4k08a2yyQLw/david/processed/mgefinder/mgefinder/GCF_001701845.2_ASM170184v2_genomic/SAMEA103956439/03.inferseq_assembly.SAMEA103956439.GCF_001701845.2_ASM170184v2_genomic.tsv
Loading file 4/80: /rds/project/rds-4k08a2yyQLw/david/processed/mgefinder/mgefinder/GCF_001701845.2_ASM170184v2_genomic/SAMEA103956440/03.inferseq_assembly.SAMEA103956440.GCF_001701845.2_ASM170184v2_genomic.tsv
Loading file 5/80: /rds/project/rds-4k08a2yyQLw/david/processed/mgefinder/mgefinder/GCF_001701845.2_ASM170184v2_genomic/SAMEA103956441/03.inferseq_assembly.SAMEA103956441.GCF_001701845.2_ASM170184v2_genomic.tsv
Loading file 6/80: /rds/project/rds-4k08a2yyQLw/david/processed/mgefinder/mgefinder/GCF_001701845.2_ASM170184v2_genomic/SAMEA103956442/03.inferseq_assembly.SAMEA103956442.GCF_001701845.2_ASM170184v2_genomic.tsv
Loading file 7/80: /rds/project/rds-4k08a2yyQLw/david/processed/mgefinder/mgefinder/GCF_001701845.2_ASM170184v2_genomic/SAMEA103956443/03.inferseq_assembly.SAMEA103956443.GCF_001701845.2_ASM170184v2_genomic.tsv
Loading file 8/80: /rds/project/rds-4k08a2yyQLw/david/processed/mgefinder/mgefinder/GCF_001701845.2_ASM170184v2_genomic/SAMEA103956444/03.inferseq_assembly.SAMEA103956444.GCF_001701845.2_ASM170184v2_genomic.tsv
Loading file 9/80: /rds/project/rds-4k08a2yyQLw/david/processed/mgefinder/mgefinder/GCF_001701845.2_ASM170184v2_genomic/SAMEA103956445/03.inferseq_assembly.SAMEA103956445.GCF_001701845.2_ASM170184v2_genomic.tsv
Loading file 10/80: /rds/project/rds-4k08a2yyQLw/david/processed/mgefinder/mgefinder/GCF_001701845.2_ASM170184v2_genomic/SAMEA103956446/03.inferseq_assembly.SAMEA103956446.GCF_001701845.2_ASM170184v2_genomic.tsv
Loading file 11/80: /rds/project/rds-4k08a2yyQLw/david/processed/mgefinder/mgefinder/GCF_001701845.2_ASM170184v2_genomic/SAMD00052601/03.inferseq_assembly.SAMD00052601.GCF_001701845.2_ASM170184v2_genomic.tsv
Loading file 12/80: /rds/project/rds-4k08a2yyQLw/david/processed/mgefinder/mgefinder/GCF_001701845.2_ASM170184v2_genomic/SAMD00052603/03.inferseq_assembly.SAMD00052603.GCF_001701845.2_ASM170184v2_genomic.tsv
Loading file 13/80: /rds/project/rds-4k08a2yyQLw/david/processed/mgefinder/mgefinder/GCF_001701845.2_ASM170184v2_genomic/SAMD00052621/03.inferseq_assembly.SAMD00052621.GCF_001701845.2_ASM170184v2_genomic.tsv
Loading file 14/80: /rds/project/rds-4k08a2yyQLw/david/processed/mgefinder/mgefinder/GCF_001701845.2_ASM170184v2_genomic/SAMD00052625/03.inferseq_assembly.SAMD00052625.GCF_001701845.2_ASM170184v2_genomic.tsv
Loading file 15/80: /rds/project/rds-4k08a2yyQLw/david/processed/mgefinder/mgefinder/GCF_001701845.2_ASM170184v2_genomic/SAMD00066597/03.inferseq_assembly.SAMD00066597.GCF_001701845.2_ASM170184v2_genomic.tsv
Loading file 16/80: /rds/project/rds-4k08a2yyQLw/david/processed/mgefinder/mgefinder/GCF_001701845.2_ASM170184v2_genomic/SAMD00099771/03.inferseq_assembly.SAMD00099771.GCF_001701845.2_ASM170184v2_genomic.tsv
Loading file 17/80: /rds/project/rds-4k08a2yyQLw/david/processed/mgefinder/mgefinder/GCF_001701845.2_ASM170184v2_genomic/SAMD00193197/03.inferseq_assembly.SAMD00193197.GCF_001701845.2_ASM170184v2_genomic.tsv
Loading file 18/80: /rds/project/rds-4k08a2yyQLw/david/processed/mgefinder/mgefinder/GCF_001701845.2_ASM170184v2_genomic/SAMD00646126/03.inferseq_assembly.SAMD00646126.GCF_001701845.2_ASM170184v2_genomic.tsv
Loading file 19/80: /rds/project/rds-4k08a2yyQLw/david/processed/mgefinder/mgefinder/GCF_001701845.2_ASM170184v2_genomic/SAMD00646127/03.inferseq_assembly.SAMD00646127.GCF_001701845.2_ASM170184v2_genomic.tsv
Loading file 20/80: /rds/project/rds-4k08a2yyQLw/david/processed/mgefinder/mgefinder/GCF_001701845.2_ASM170184v2_genomic/SAMD00646128/03.inferseq_assembly.SAMD00646128.GCF_001701845.2_ASM170184v2_genomic.tsv
Loading file 21/80: /rds/project/rds-4k08a2yyQLw/david/processed/mgefinder/mgefinder/GCF_001701845.2_ASM170184v2_genomic/SAMD00052619/03.inferseq_reference.SAMD00052619.GCF_001701845.2_ASM170184v2_genomic.tsv
Loading file 22/80: /rds/project/rds-4k08a2yyQLw/david/processed/mgefinder/mgefinder/GCF_001701845.2_ASM170184v2_genomic/SAMEA103956438/03.inferseq_reference.SAMEA103956438.GCF_001701845.2_ASM170184v2_genomic.tsv
Loading file 23/80: /rds/project/rds-4k08a2yyQLw/david/processed/mgefinder/mgefinder/GCF_001701845.2_ASM170184v2_genomic/SAMEA103956439/03.inferseq_reference.SAMEA103956439.GCF_001701845.2_ASM170184v2_genomic.tsv
Loading file 24/80: /rds/project/rds-4k08a2yyQLw/david/processed/mgefinder/mgefinder/GCF_001701845.2_ASM170184v2_genomic/SAMEA103956440/03.inferseq_reference.SAMEA103956440.GCF_001701845.2_ASM170184v2_genomic.tsv
Loading file 25/80: /rds/project/rds-4k08a2yyQLw/david/processed/mgefinder/mgefinder/GCF_001701845.2_ASM170184v2_genomic/SAMEA103956441/03.inferseq_reference.SAMEA103956441.GCF_001701845.2_ASM170184v2_genomic.tsv
Loading file 26/80: /rds/project/rds-4k08a2yyQLw/david/processed/mgefinder/mgefinder/GCF_001701845.2_ASM170184v2_genomic/SAMEA103956442/03.inferseq_reference.SAMEA103956442.GCF_001701845.2_ASM170184v2_genomic.tsv
Loading file 27/80: /rds/project/rds-4k08a2yyQLw/david/processed/mgefinder/mgefinder/GCF_001701845.2_ASM170184v2_genomic/SAMEA103956443/03.inferseq_reference.SAMEA103956443.GCF_001701845.2_ASM170184v2_genomic.tsv
Loading file 28/80: /rds/project/rds-4k08a2yyQLw/david/processed/mgefinder/mgefinder/GCF_001701845.2_ASM170184v2_genomic/SAMEA103956444/03.inferseq_reference.SAMEA103956444.GCF_001701845.2_ASM170184v2_genomic.tsv
Loading file 29/80: /rds/project/rds-4k08a2yyQLw/david/processed/mgefinder/mgefinder/GCF_001701845.2_ASM170184v2_genomic/SAMEA103956445/03.inferseq_reference.SAMEA103956445.GCF_001701845.2_ASM170184v2_genomic.tsv
Loading file 30/80: /rds/project/rds-4k08a2yyQLw/david/processed/mgefinder/mgefinder/GCF_001701845.2_ASM170184v2_genomic/SAMEA103956446/03.inferseq_reference.SAMEA103956446.GCF_001701845.2_ASM170184v2_genomic.tsv
Loading file 31/80: /rds/project/rds-4k08a2yyQLw/david/processed/mgefinder/mgefinder/GCF_001701845.2_ASM170184v2_genomic/SAMD00052601/03.inferseq_reference.SAMD00052601.GCF_001701845.2_ASM170184v2_genomic.tsv
Loading file 32/80: /rds/project/rds-4k08a2yyQLw/david/processed/mgefinder/mgefinder/GCF_001701845.2_ASM170184v2_genomic/SAMD00052603/03.inferseq_reference.SAMD00052603.GCF_001701845.2_ASM170184v2_genomic.tsv
Loading file 33/80: /rds/project/rds-4k08a2yyQLw/david/processed/mgefinder/mgefinder/GCF_001701845.2_ASM170184v2_genomic/SAMD00052621/03.inferseq_reference.SAMD00052621.GCF_001701845.2_ASM170184v2_genomic.tsv
Loading file 34/80: /rds/project/rds-4k08a2yyQLw/david/processed/mgefinder/mgefinder/GCF_001701845.2_ASM170184v2_genomic/SAMD00052625/03.inferseq_reference.SAMD00052625.GCF_001701845.2_ASM170184v2_genomic.tsv
Loading file 35/80: /rds/project/rds-4k08a2yyQLw/david/processed/mgefinder/mgefinder/GCF_001701845.2_ASM170184v2_genomic/SAMD00066597/03.inferseq_reference.SAMD00066597.GCF_001701845.2_ASM170184v2_genomic.tsv
Loading file 36/80: /rds/project/rds-4k08a2yyQLw/david/processed/mgefinder/mgefinder/GCF_001701845.2_ASM170184v2_genomic/SAMD00099771/03.inferseq_reference.SAMD00099771.GCF_001701845.2_ASM170184v2_genomic.tsv
Loading file 37/80: /rds/project/rds-4k08a2yyQLw/david/processed/mgefinder/mgefinder/GCF_001701845.2_ASM170184v2_genomic/SAMD00193197/03.inferseq_reference.SAMD00193197.GCF_001701845.2_ASM170184v2_genomic.tsv
Loading file 38/80: /rds/project/rds-4k08a2yyQLw/david/processed/mgefinder/mgefinder/GCF_001701845.2_ASM170184v2_genomic/SAMD00646126/03.inferseq_reference.SAMD00646126.GCF_001701845.2_ASM170184v2_genomic.tsv
Loading file 39/80: /rds/project/rds-4k08a2yyQLw/david/processed/mgefinder/mgefinder/GCF_001701845.2_ASM170184v2_genomic/SAMD00646127/03.inferseq_reference.SAMD00646127.GCF_001701845.2_ASM170184v2_genomic.tsv
Loading file 40/80: /rds/project/rds-4k08a2yyQLw/david/processed/mgefinder/mgefinder/GCF_001701845.2_ASM170184v2_genomic/SAMD00646128/03.inferseq_reference.SAMD00646128.GCF_001701845.2_ASM170184v2_genomic.tsv
Loading file 41/80: /rds/project/rds-4k08a2yyQLw/david/processed/mgefinder/mgefinder/GCF_001701845.2_ASM170184v2_genomic/SAMD00052619/03.inferseq_overlap.SAMD00052619.GCF_001701845.2_ASM170184v2_genomic.tsv
Loading file 42/80: /rds/project/rds-4k08a2yyQLw/david/processed/mgefinder/mgefinder/GCF_001701845.2_ASM170184v2_genomic/SAMEA103956438/03.inferseq_overlap.SAMEA103956438.GCF_001701845.2_ASM170184v2_genomic.tsv
Loading file 43/80: /rds/project/rds-4k08a2yyQLw/david/processed/mgefinder/mgefinder/GCF_001701845.2_ASM170184v2_genomic/SAMEA103956439/03.inferseq_overlap.SAMEA103956439.GCF_001701845.2_ASM170184v2_genomic.tsv
Loading file 44/80: /rds/project/rds-4k08a2yyQLw/david/processed/mgefinder/mgefinder/GCF_001701845.2_ASM170184v2_genomic/SAMEA103956440/03.inferseq_overlap.SAMEA103956440.GCF_001701845.2_ASM170184v2_genomic.tsv
Loading file 45/80: /rds/project/rds-4k08a2yyQLw/david/processed/mgefinder/mgefinder/GCF_001701845.2_ASM170184v2_genomic/SAMEA103956441/03.inferseq_overlap.SAMEA103956441.GCF_001701845.2_ASM170184v2_genomic.tsv
Loading file 46/80: /rds/project/rds-4k08a2yyQLw/david/processed/mgefinder/mgefinder/GCF_001701845.2_ASM170184v2_genomic/SAMEA103956442/03.inferseq_overlap.SAMEA103956442.GCF_001701845.2_ASM170184v2_genomic.tsv
Loading file 47/80: /rds/project/rds-4k08a2yyQLw/david/processed/mgefinder/mgefinder/GCF_001701845.2_ASM170184v2_genomic/SAMEA103956443/03.inferseq_overlap.SAMEA103956443.GCF_001701845.2_ASM170184v2_genomic.tsv
Loading file 48/80: /rds/project/rds-4k08a2yyQLw/david/processed/mgefinder/mgefinder/GCF_001701845.2_ASM170184v2_genomic/SAMEA103956444/03.inferseq_overlap.SAMEA103956444.GCF_001701845.2_ASM170184v2_genomic.tsv
Loading file 49/80: /rds/project/rds-4k08a2yyQLw/david/processed/mgefinder/mgefinder/GCF_001701845.2_ASM170184v2_genomic/SAMEA103956445/03.inferseq_overlap.SAMEA103956445.GCF_001701845.2_ASM170184v2_genomic.tsv
Loading file 50/80: /rds/project/rds-4k08a2yyQLw/david/processed/mgefinder/mgefinder/GCF_001701845.2_ASM170184v2_genomic/SAMEA103956446/03.inferseq_overlap.SAMEA103956446.GCF_001701845.2_ASM170184v2_genomic.tsv
Loading file 51/80: /rds/project/rds-4k08a2yyQLw/david/processed/mgefinder/mgefinder/GCF_001701845.2_ASM170184v2_genomic/SAMD00052601/03.inferseq_overlap.SAMD00052601.GCF_001701845.2_ASM170184v2_genomic.tsv
Loading file 52/80: /rds/project/rds-4k08a2yyQLw/david/processed/mgefinder/mgefinder/GCF_001701845.2_ASM170184v2_genomic/SAMD00052603/03.inferseq_overlap.SAMD00052603.GCF_001701845.2_ASM170184v2_genomic.tsv
Loading file 53/80: /rds/project/rds-4k08a2yyQLw/david/processed/mgefinder/mgefinder/GCF_001701845.2_ASM170184v2_genomic/SAMD00052621/03.inferseq_overlap.SAMD00052621.GCF_001701845.2_ASM170184v2_genomic.tsv
Loading file 54/80: /rds/project/rds-4k08a2yyQLw/david/processed/mgefinder/mgefinder/GCF_001701845.2_ASM170184v2_genomic/SAMD00052625/03.inferseq_overlap.SAMD00052625.GCF_001701845.2_ASM170184v2_genomic.tsv
Loading file 55/80: /rds/project/rds-4k08a2yyQLw/david/processed/mgefinder/mgefinder/GCF_001701845.2_ASM170184v2_genomic/SAMD00066597/03.inferseq_overlap.SAMD00066597.GCF_001701845.2_ASM170184v2_genomic.tsv
Loading file 56/80: /rds/project/rds-4k08a2yyQLw/david/processed/mgefinder/mgefinder/GCF_001701845.2_ASM170184v2_genomic/SAMD00099771/03.inferseq_overlap.SAMD00099771.GCF_001701845.2_ASM170184v2_genomic.tsv
Loading file 57/80: /rds/project/rds-4k08a2yyQLw/david/processed/mgefinder/mgefinder/GCF_001701845.2_ASM170184v2_genomic/SAMD00193197/03.inferseq_overlap.SAMD00193197.GCF_001701845.2_ASM170184v2_genomic.tsv
Loading file 58/80: /rds/project/rds-4k08a2yyQLw/david/processed/mgefinder/mgefinder/GCF_001701845.2_ASM170184v2_genomic/SAMD00646126/03.inferseq_overlap.SAMD00646126.GCF_001701845.2_ASM170184v2_genomic.tsv
Loading file 59/80: /rds/project/rds-4k08a2yyQLw/david/processed/mgefinder/mgefinder/GCF_001701845.2_ASM170184v2_genomic/SAMD00646127/03.inferseq_overlap.SAMD00646127.GCF_001701845.2_ASM170184v2_genomic.tsv
Loading file 60/80: /rds/project/rds-4k08a2yyQLw/david/processed/mgefinder/mgefinder/GCF_001701845.2_ASM170184v2_genomic/SAMD00646128/03.inferseq_overlap.SAMD00646128.GCF_001701845.2_ASM170184v2_genomic.tsv
Loading file 61/80: /rds/project/rds-4k08a2yyQLw/david/processed/mgefinder/mgefinder/GCF_001701845.2_ASM170184v2_genomic/SAMD00052619/04.inferseq_database.SAMD00052619.GCF_001701845.2_ASM170184v2_genomic.tsv
Loading file 62/80: /rds/project/rds-4k08a2yyQLw/david/processed/mgefinder/mgefinder/GCF_001701845.2_ASM170184v2_genomic/SAMEA103956438/04.inferseq_database.SAMEA103956438.GCF_001701845.2_ASM170184v2_genomic.tsv
Loading file 63/80: /rds/project/rds-4k08a2yyQLw/david/processed/mgefinder/mgefinder/GCF_001701845.2_ASM170184v2_genomic/SAMEA103956439/04.inferseq_database.SAMEA103956439.GCF_001701845.2_ASM170184v2_genomic.tsv
Loading file 64/80: /rds/project/rds-4k08a2yyQLw/david/processed/mgefinder/mgefinder/GCF_001701845.2_ASM170184v2_genomic/SAMEA103956440/04.inferseq_database.SAMEA103956440.GCF_001701845.2_ASM170184v2_genomic.tsv
Loading file 65/80: /rds/project/rds-4k08a2yyQLw/david/processed/mgefinder/mgefinder/GCF_001701845.2_ASM170184v2_genomic/SAMEA103956441/04.inferseq_database.SAMEA103956441.GCF_001701845.2_ASM170184v2_genomic.tsv
Loading file 66/80: /rds/project/rds-4k08a2yyQLw/david/processed/mgefinder/mgefinder/GCF_001701845.2_ASM170184v2_genomic/SAMEA103956442/04.inferseq_database.SAMEA103956442.GCF_001701845.2_ASM170184v2_genomic.tsv
Loading file 67/80: /rds/project/rds-4k08a2yyQLw/david/processed/mgefinder/mgefinder/GCF_001701845.2_ASM170184v2_genomic/SAMEA103956443/04.inferseq_database.SAMEA103956443.GCF_001701845.2_ASM170184v2_genomic.tsv
Loading file 68/80: /rds/project/rds-4k08a2yyQLw/david/processed/mgefinder/mgefinder/GCF_001701845.2_ASM170184v2_genomic/SAMEA103956444/04.inferseq_database.SAMEA103956444.GCF_001701845.2_ASM170184v2_genomic.tsv
Loading file 69/80: /rds/project/rds-4k08a2yyQLw/david/processed/mgefinder/mgefinder/GCF_001701845.2_ASM170184v2_genomic/SAMEA103956445/04.inferseq_database.SAMEA103956445.GCF_001701845.2_ASM170184v2_genomic.tsv
Loading file 70/80: /rds/project/rds-4k08a2yyQLw/david/processed/mgefinder/mgefinder/GCF_001701845.2_ASM170184v2_genomic/SAMEA103956446/04.inferseq_database.SAMEA103956446.GCF_001701845.2_ASM170184v2_genomic.tsv
Loading file 71/80: /rds/project/rds-4k08a2yyQLw/david/processed/mgefinder/mgefinder/GCF_001701845.2_ASM170184v2_genomic/SAMD00052601/04.inferseq_database.SAMD00052601.GCF_001701845.2_ASM170184v2_genomic.tsv
Loading file 72/80: /rds/project/rds-4k08a2yyQLw/david/processed/mgefinder/mgefinder/GCF_001701845.2_ASM170184v2_genomic/SAMD00052603/04.inferseq_database.SAMD00052603.GCF_001701845.2_ASM170184v2_genomic.tsv
Loading file 73/80: /rds/project/rds-4k08a2yyQLw/david/processed/mgefinder/mgefinder/GCF_001701845.2_ASM170184v2_genomic/SAMD00052621/04.inferseq_database.SAMD00052621.GCF_001701845.2_ASM170184v2_genomic.tsv
Loading file 74/80: /rds/project/rds-4k08a2yyQLw/david/processed/mgefinder/mgefinder/GCF_001701845.2_ASM170184v2_genomic/SAMD00052625/04.inferseq_database.SAMD00052625.GCF_001701845.2_ASM170184v2_genomic.tsv
Loading file 75/80: /rds/project/rds-4k08a2yyQLw/david/processed/mgefinder/mgefinder/GCF_001701845.2_ASM170184v2_genomic/SAMD00066597/04.inferseq_database.SAMD00066597.GCF_001701845.2_ASM170184v2_genomic.tsv
Loading file 76/80: /rds/project/rds-4k08a2yyQLw/david/processed/mgefinder/mgefinder/GCF_001701845.2_ASM170184v2_genomic/SAMD00099771/04.inferseq_database.SAMD00099771.GCF_001701845.2_ASM170184v2_genomic.tsv
Loading file 77/80: /rds/project/rds-4k08a2yyQLw/david/processed/mgefinder/mgefinder/GCF_001701845.2_ASM170184v2_genomic/SAMD00193197/04.inferseq_database.SAMD00193197.GCF_001701845.2_ASM170184v2_genomic.tsv
Loading file 78/80: /rds/project/rds-4k08a2yyQLw/david/processed/mgefinder/mgefinder/GCF_001701845.2_ASM170184v2_genomic/SAMD00646126/04.inferseq_database.SAMD00646126.GCF_001701845.2_ASM170184v2_genomic.tsv
Loading file 79/80: /rds/project/rds-4k08a2yyQLw/david/processed/mgefinder/mgefinder/GCF_001701845.2_ASM170184v2_genomic/SAMD00646127/04.inferseq_database.SAMD00646127.GCF_001701845.2_ASM170184v2_genomic.tsv
Loading file 80/80: /rds/project/rds-4k08a2yyQLw/david/processed/mgefinder/mgefinder/GCF_001701845.2_ASM170184v2_genomic/SAMD00646128/04.inferseq_database.SAMD00646128.GCF_001701845.2_ASM170184v2_genomic.tsv
Clustering at 100% identity...
================================================================
Program: CD-HIT, V4.8.1 (+OpenMP), Nov 12 2024, 10:35:24
Command: cd-hit-est -g 1 -aL 0.85 -aS 0.85 -d 0 -c 0.9 -T 4 -M
         16000 -i
         /rds/project/rds-4k08a2yyQLw/david/processed/mgefinder/results/GCF_001701845.2_ASM170184v2_genomic/01.clusterseq.GCF_001701845.2_ASM170184v2_genomic.tsv.clusterseq.100p.fna
         -o
         /rds/project/rds-4k08a2yyQLw/david/processed/mgefinder/results/GCF_001701845.2_ASM170184v2_genomic/01.clusterseq.GCF_001701845.2_ASM170184v2_genomic.tsv.clusterseq.perc_ident.fna

Started: Sat Feb 21 20:51:11 2026
================================================================
                            Output                              
----------------------------------------------------------------
total seq: 29
longest and shortest : 9907 and 99
Total letters: 50073
Sequences have been sorted

Approximated minimal memory consumption:
Sequence        : 0M
Buffer          : 4 X 19M = 78M
Table           : 2 X 16M = 33M
Miscellaneous   : 4M
Total           : 116M

Table limit with the given memory limit:
Max number of representatives: 4000000
Max number of word counting entries: 1985441356

# comparing sequences from          0  to         29
---------- new table with       18 representatives

       29  finished         18  clusters

Approximated maximum memory consumption: 116M
writing new database
writing clustering information
program completed !

Total CPU time 0.08
Saving results to file /rds/project/rds-4k08a2yyQLw/david/processed/mgefinder/results/GCF_001701845.2_ASM170184v2_genomic/01.clusterseq.GCF_001701845.2_ASM170184v2_genomic.tsv
>>> summarize: summarizing results for GCF_001701845.2_ASM170184v2_genomic
>>> makefasta: extracting fasta for GCF_001701845.2_ASM170184v2_genomic
MGEfinder paths: data_dir (read) = /rds/project/rds-4k08a2yyQLw/david | wd (write) = /rds/project/rds-4k08a2yyQLw/david/processed/mgefinder
  subdirs under wd: genome_dir = /rds/project/rds-4k08a2yyQLw/david/processed/mgefinder/00.genome | assembly_dir = /rds/project/rds-4k08a2yyQLw/david/processed/mgefinder/00.assembly | bam_dir = /rds/project/rds-4k08a2yyQLw/david/processed/mgefinder/00.bam | bwa_dir = /rds/project/rds-4k08a2yyQLw/david/processed/mgefinder/bwa
MGEfinder paths: data_dir (read) = /rds/project/rds-4k08a2yyQLw/david | wd (write) = /rds/project/rds-4k08a2yyQLw/david/processed/mgefinder
  subdirs under wd: genome_dir = /rds/project/rds-4k08a2yyQLw/david/processed/mgefinder/00.genome | assembly_dir = /rds/project/rds-4k08a2yyQLw/david/processed/mgefinder/00.assembly | bam_dir = /rds/project/rds-4k08a2yyQLw/david/processed/mgefinder/00.bam | bwa_dir = /rds/project/rds-4k08a2yyQLw/david/processed/mgefinder/bwa
>>> Pipeline setup: wd=/rds/project/rds-4k08a2yyQLw/david/processed/mgefinder, reference=GCF_001701845.2_ASM170184v2_genomic
>>> Comparison samples: 20 (SAMD00052619, SAMEA103956438, SAMEA103956439...)
>>> Data prep: snakemake; Snakemake (no conda): mgefinder_env

======================================================================
PHASE 1: DATA PREPARATION
======================================================================
>>> FASTQ downloads (fastq-dl environment; TODO: fastq-dl env may lack pyyaml - consider adding deps to snakemake env and running from there, or use --skip-download when samples exist)

>>> SKIPPING FASTQ downloads (--skip-download)

======================================================================
PHASE 1b: DATASET GENERATION
======================================================================
>>> Generate dataset
    Environment: snakemake
    Command: python3 src/generate_mgefinder_dataset.py --config config/config.yaml --row 1 --out /rds/project/rds-4k08a2yyQLw/david/processed/mgefinder/mgefinder_dataset.txt

======================================================================
PHASE 3: SNAKEMAKE PIPELINE
======================================================================
>>> Created config/.mge_merged_config.yaml (config + genomes)
>>> Run Snakemake pipeline
    Environment: mgefinder_env
    Command: snakemake --configfile /home/dca36/workspace/Klebsiella_Mobile_Elements/config/.mge_merged_config.yaml --directory /rds/project/rds-4k08a2yyQLw/david/processed/mgefinder -j 4 all --printshellcmds -p

>>> Pipeline completed successfully!
    Results in: /rds/project/rds-4k08a2yyQLw/david/processed/mgefinder/results/GCF_001701845.2_ASM170184v2_genomic/
>>> Running pipeline for row 2...
Wrote 20 rows to /rds/project/rds-4k08a2yyQLw/david/processed/mgefinder/mgefinder_dataset.txt
Reference for this run: GCF_001952915.1_ASM195291v1_genomic
>>> copy_genome: read /rds/project/rds-4k08a2yyQLw/david/raw/assemblies/GCF_001952915.1_ASM195291v1_genomic.fna.gz write /rds/project/rds-4k08a2yyQLw/david/processed/mgefinder/00.genome/GCF_001952915.1_ASM195291v1_genomic.fna
>>> bwa_index: read /rds/project/rds-4k08a2yyQLw/david/processed/mgefinder/00.genome/GCF_001952915.1_ASM195291v1_genomic.fna write /rds/project/rds-4k08a2yyQLw/david/processed/mgefinder/00.genome/GCF_001952915.1_ASM195291v1_genomic.fna.amb
>>> index_genome_bowtie2: indexing GCF_001952915.1_ASM195291v1_genomic
>>> bwa: read /rds/project/rds-4k08a2yyQLw/david/processed/mgefinder/00.genome/GCF_001952915.1_ASM195291v1_genomic.fna /rds/project/rds-4k08a2yyQLw/david/raw/fastq/SAMD00646128/DRR504918_1.fastq.gz /rds/project/rds-4k08a2yyQLw/david/raw/fastq/SAMD00646128/DRR504918_2.fastq.gz write /rds/project/rds-4k08a2yyQLw/david/processed/mgefinder/bwa/SAMD00646128.GCF_001952915.1_ASM195291v1_genomic.bwa.sam
>>> bwa: read /rds/project/rds-4k08a2yyQLw/david/processed/mgefinder/00.genome/GCF_001952915.1_ASM195291v1_genomic.fna /rds/project/rds-4k08a2yyQLw/david/raw/fastq/SAMEA103956441/ERR1911021_1.fastq.gz /rds/project/rds-4k08a2yyQLw/david/raw/fastq/SAMEA103956441/ERR1911021_2.fastq.gz write /rds/project/rds-4k08a2yyQLw/david/processed/mgefinder/bwa/SAMEA103956441.GCF_001952915.1_ASM195291v1_genomic.bwa.sam
>>> bwa: read /rds/project/rds-4k08a2yyQLw/david/processed/mgefinder/00.genome/GCF_001952915.1_ASM195291v1_genomic.fna /rds/project/rds-4k08a2yyQLw/david/raw/fastq/SAMEA103956440/ERR1911020_1.fastq.gz /rds/project/rds-4k08a2yyQLw/david/raw/fastq/SAMEA103956440/ERR1911020_2.fastq.gz write /rds/project/rds-4k08a2yyQLw/david/processed/mgefinder/bwa/SAMEA103956440.GCF_001952915.1_ASM195291v1_genomic.bwa.sam
>>> bwa: read /rds/project/rds-4k08a2yyQLw/david/processed/mgefinder/00.genome/GCF_001952915.1_ASM195291v1_genomic.fna /rds/project/rds-4k08a2yyQLw/david/raw/fastq/SAMD00646127/DRR504917_1.fastq.gz /rds/project/rds-4k08a2yyQLw/david/raw/fastq/SAMD00646127/DRR504917_2.fastq.gz write /rds/project/rds-4k08a2yyQLw/david/processed/mgefinder/bwa/SAMD00646127.GCF_001952915.1_ASM195291v1_genomic.bwa.sam
>>> formatbam: read /rds/project/rds-4k08a2yyQLw/david/processed/mgefinder/bwa/SAMEA103956441.GCF_001952915.1_ASM195291v1_genomic.bwa.sam write /rds/project/rds-4k08a2yyQLw/david/processed/mgefinder/00.bam/SAMEA103956441.GCF_001952915.1_ASM195291v1_genomic.bam
#### CHECKING DEPENDENCIES ####
Current version of snakemake: 7.32.4
Expected version of snakemake: 3.13.3
WARNING: Current version of snakemake does not match expectaction. Proceed with caution
Current version of einverted: EMBOSS:6.6.0.0
Expected version of einverted: EMBOSS:6.6.0.0
Current version of bowtie2: 2.5.4
Expected version of bowtie2: 2.3.5
WARNING: Current version of bowtie2 does not match expectaction. Proceed with caution
Current version of samtools: 1.19.2
Expected version of samtools: 1.9
WARNING: Current version of samtools does not match expectaction. Proceed with caution
Current version of cd-hit: 4.8.1
Expected version of cd-hit: 4.8.1
###############################
Get help documentation with --help.
Get version with --version.
#### PARAMETERS ####
command: formatbam
in_sam: /rds/project/rds-4k08a2yyQLw/david/processed/mgefinder/bwa/SAMEA103956441.GCF_001952915.1_ASM195291v1_genomic.bwa.sam
out_bam: /rds/project/rds-4k08a2yyQLw/david/processed/mgefinder/00.bam/SAMEA103956441.GCF_001952915.1_ASM195291v1_genomic.bam
single_end: False
keep_tmp_files: False
####################
Removing secondary alignments...
>>> formatbam: read /rds/project/rds-4k08a2yyQLw/david/processed/mgefinder/bwa/SAMEA103956440.GCF_001952915.1_ASM195291v1_genomic.bwa.sam write /rds/project/rds-4k08a2yyQLw/david/processed/mgefinder/00.bam/SAMEA103956440.GCF_001952915.1_ASM195291v1_genomic.bam
#### CHECKING DEPENDENCIES ####
Current version of snakemake: 7.32.4
Expected version of snakemake: 3.13.3
WARNING: Current version of snakemake does not match expectaction. Proceed with caution
Current version of einverted: EMBOSS:6.6.0.0
Expected version of einverted: EMBOSS:6.6.0.0
Current version of bowtie2: 2.5.4
Expected version of bowtie2: 2.3.5
WARNING: Current version of bowtie2 does not match expectaction. Proceed with caution
Current version of samtools: 1.19.2
Expected version of samtools: 1.9
WARNING: Current version of samtools does not match expectaction. Proceed with caution
Current version of cd-hit: 4.8.1
Expected version of cd-hit: 4.8.1
###############################
Get help documentation with --help.
Get version with --version.
#### PARAMETERS ####
command: formatbam
in_sam: /rds/project/rds-4k08a2yyQLw/david/processed/mgefinder/bwa/SAMEA103956440.GCF_001952915.1_ASM195291v1_genomic.bwa.sam
out_bam: /rds/project/rds-4k08a2yyQLw/david/processed/mgefinder/00.bam/SAMEA103956440.GCF_001952915.1_ASM195291v1_genomic.bam
single_end: False
keep_tmp_files: False
####################
Removing secondary alignments...
Successfully removed secondary alignments...

Formatting bam file for use by mgefinder...
Successfully removed secondary alignments...

Formatting bam file for use by mgefinder...
SAM file successfully reformatted...

Sorting the BAM file by chromosomal location...
SAM file successfully reformatted...

Sorting the BAM file by chromosomal location...
BAM file successfully sorted...

Index the sorted BAM file...
BAM file successfully indexed...

>>> find: read /rds/project/rds-4k08a2yyQLw/david/processed/mgefinder/00.bam/SAMEA103956441.GCF_001952915.1_ASM195291v1_genomic.bam write /rds/project/rds-4k08a2yyQLw/david/processed/mgefinder/mgefinder/GCF_001952915.1_ASM195291v1_genomic/SAMEA103956441/01.find.SAMEA103956441.GCF_001952915.1_ASM195291v1_genomic.tsv
BAM file successfully sorted...

Index the sorted BAM file...
BAM file successfully indexed...

>>> find: read /rds/project/rds-4k08a2yyQLw/david/processed/mgefinder/00.bam/SAMEA103956440.GCF_001952915.1_ASM195291v1_genomic.bam write /rds/project/rds-4k08a2yyQLw/david/processed/mgefinder/mgefinder/GCF_001952915.1_ASM195291v1_genomic/SAMEA103956440/01.find.SAMEA103956440.GCF_001952915.1_ASM195291v1_genomic.tsv
>>> pair: MGEfinder pair SAMEA103956441 GCF_001952915.1_ASM195291v1_genomic
>>> inferseq_assembly: SAMEA103956441 GCF_001952915.1_ASM195291v1_genomic
>>> bwa: read /rds/project/rds-4k08a2yyQLw/david/processed/mgefinder/00.genome/GCF_001952915.1_ASM195291v1_genomic.fna /rds/project/rds-4k08a2yyQLw/david/raw/fastq/SAMD00066597/DRR076334_1.fastq.gz /rds/project/rds-4k08a2yyQLw/david/raw/fastq/SAMD00066597/DRR076334_2.fastq.gz write /rds/project/rds-4k08a2yyQLw/david/processed/mgefinder/bwa/SAMD00066597.GCF_001952915.1_ASM195291v1_genomic.bwa.sam
>>> pair: MGEfinder pair SAMEA103956440 GCF_001952915.1_ASM195291v1_genomic
>>> inferseq_assembly: SAMEA103956440 GCF_001952915.1_ASM195291v1_genomic
>>> inferseq_reference: SAMEA103956440 GCF_001952915.1_ASM195291v1_genomic
>>> bwa: read /rds/project/rds-4k08a2yyQLw/david/processed/mgefinder/00.genome/GCF_001952915.1_ASM195291v1_genomic.fna /rds/project/rds-4k08a2yyQLw/david/raw/fastq/SAMEA103956443/ERR1911023_1.fastq.gz /rds/project/rds-4k08a2yyQLw/david/raw/fastq/SAMEA103956443/ERR1911023_2.fastq.gz write /rds/project/rds-4k08a2yyQLw/david/processed/mgefinder/bwa/SAMEA103956443.GCF_001952915.1_ASM195291v1_genomic.bwa.sam
>>> formatbam: read /rds/project/rds-4k08a2yyQLw/david/processed/mgefinder/bwa/SAMD00066597.GCF_001952915.1_ASM195291v1_genomic.bwa.sam write /rds/project/rds-4k08a2yyQLw/david/processed/mgefinder/00.bam/SAMD00066597.GCF_001952915.1_ASM195291v1_genomic.bam
>>> formatbam: read /rds/project/rds-4k08a2yyQLw/david/processed/mgefinder/bwa/SAMEA103956443.GCF_001952915.1_ASM195291v1_genomic.bwa.sam write /rds/project/rds-4k08a2yyQLw/david/processed/mgefinder/00.bam/SAMEA103956443.GCF_001952915.1_ASM195291v1_genomic.bam
#### CHECKING DEPENDENCIES ####
Current version of snakemake: 7.32.4
Expected version of snakemake: 3.13.3
WARNING: Current version of snakemake does not match expectaction. Proceed with caution
Current version of einverted: EMBOSS:6.6.0.0
Expected version of einverted: EMBOSS:6.6.0.0
Current version of bowtie2: 2.5.4
Expected version of bowtie2: 2.3.5
WARNING: Current version of bowtie2 does not match expectaction. Proceed with caution
Current version of samtools: 1.19.2
Expected version of samtools: 1.9
WARNING: Current version of samtools does not match expectaction. Proceed with caution
Current version of cd-hit: 4.8.1
Expected version of cd-hit: 4.8.1
###############################
Get help documentation with --help.
Get version with --version.
#### PARAMETERS ####
command: formatbam
in_sam: /rds/project/rds-4k08a2yyQLw/david/processed/mgefinder/bwa/SAMD00066597.GCF_001952915.1_ASM195291v1_genomic.bwa.sam
out_bam: /rds/project/rds-4k08a2yyQLw/david/processed/mgefinder/00.bam/SAMD00066597.GCF_001952915.1_ASM195291v1_genomic.bam
single_end: False
keep_tmp_files: False
####################
Removing secondary alignments...
#### CHECKING DEPENDENCIES ####
Current version of snakemake: 7.32.4
Expected version of snakemake: 3.13.3
WARNING: Current version of snakemake does not match expectaction. Proceed with caution
Current version of einverted: EMBOSS:6.6.0.0
Expected version of einverted: EMBOSS:6.6.0.0
Current version of bowtie2: 2.5.4
Expected version of bowtie2: 2.3.5
WARNING: Current version of bowtie2 does not match expectaction. Proceed with caution
Current version of samtools: 1.19.2
Expected version of samtools: 1.9
WARNING: Current version of samtools does not match expectaction. Proceed with caution
Current version of cd-hit: 4.8.1
Expected version of cd-hit: 4.8.1
###############################
Get help documentation with --help.
Get version with --version.
#### PARAMETERS ####
command: formatbam
in_sam: /rds/project/rds-4k08a2yyQLw/david/processed/mgefinder/bwa/SAMEA103956443.GCF_001952915.1_ASM195291v1_genomic.bwa.sam
out_bam: /rds/project/rds-4k08a2yyQLw/david/processed/mgefinder/00.bam/SAMEA103956443.GCF_001952915.1_ASM195291v1_genomic.bam
single_end: False
keep_tmp_files: False
####################
Removing secondary alignments...
Successfully removed secondary alignments...

Formatting bam file for use by mgefinder...
Successfully removed secondary alignments...

Formatting bam file for use by mgefinder...
SAM file successfully reformatted...

Sorting the BAM file by chromosomal location...
SAM file successfully reformatted...

Sorting the BAM file by chromosomal location...
BAM file successfully sorted...

Index the sorted BAM file...
BAM file successfully indexed...

>>> find: read /rds/project/rds-4k08a2yyQLw/david/processed/mgefinder/00.bam/SAMD00066597.GCF_001952915.1_ASM195291v1_genomic.bam write /rds/project/rds-4k08a2yyQLw/david/processed/mgefinder/mgefinder/GCF_001952915.1_ASM195291v1_genomic/SAMD00066597/01.find.SAMD00066597.GCF_001952915.1_ASM195291v1_genomic.tsv
>>> formatbam: read /rds/project/rds-4k08a2yyQLw/david/processed/mgefinder/bwa/SAMD00646128.GCF_001952915.1_ASM195291v1_genomic.bwa.sam write /rds/project/rds-4k08a2yyQLw/david/processed/mgefinder/00.bam/SAMD00646128.GCF_001952915.1_ASM195291v1_genomic.bam
#### CHECKING DEPENDENCIES ####
Current version of snakemake: 7.32.4
Expected version of snakemake: 3.13.3
WARNING: Current version of snakemake does not match expectaction. Proceed with caution
Current version of einverted: EMBOSS:6.6.0.0
Expected version of einverted: EMBOSS:6.6.0.0
Current version of bowtie2: 2.5.4
Expected version of bowtie2: 2.3.5
WARNING: Current version of bowtie2 does not match expectaction. Proceed with caution
Current version of samtools: 1.19.2
Expected version of samtools: 1.9
WARNING: Current version of samtools does not match expectaction. Proceed with caution
Current version of cd-hit: 4.8.1
Expected version of cd-hit: 4.8.1
###############################
Get help documentation with --help.
Get version with --version.
#### PARAMETERS ####
command: formatbam
in_sam: /rds/project/rds-4k08a2yyQLw/david/processed/mgefinder/bwa/SAMD00646128.GCF_001952915.1_ASM195291v1_genomic.bwa.sam
out_bam: /rds/project/rds-4k08a2yyQLw/david/processed/mgefinder/00.bam/SAMD00646128.GCF_001952915.1_ASM195291v1_genomic.bam
single_end: False
keep_tmp_files: False
####################
Removing secondary alignments...
BAM file successfully sorted...

Index the sorted BAM file...
BAM file successfully indexed...

>>> find: read /rds/project/rds-4k08a2yyQLw/david/processed/mgefinder/00.bam/SAMEA103956443.GCF_001952915.1_ASM195291v1_genomic.bam write /rds/project/rds-4k08a2yyQLw/david/processed/mgefinder/mgefinder/GCF_001952915.1_ASM195291v1_genomic/SAMEA103956443/01.find.SAMEA103956443.GCF_001952915.1_ASM195291v1_genomic.tsv
>>> pair: MGEfinder pair SAMEA103956443 GCF_001952915.1_ASM195291v1_genomic
Successfully removed secondary alignments...

Formatting bam file for use by mgefinder...
>>> inferseq_assembly: SAMEA103956443 GCF_001952915.1_ASM195291v1_genomic
>>> inferseq_overlap: SAMEA103956441 GCF_001952915.1_ASM195291v1_genomic
>>> inferseq_overlap: SAMEA103956443 GCF_001952915.1_ASM195291v1_genomic
>>> bwa: read /rds/project/rds-4k08a2yyQLw/david/processed/mgefinder/00.genome/GCF_001952915.1_ASM195291v1_genomic.fna /rds/project/rds-4k08a2yyQLw/david/raw/fastq/SAMEA103956438/ERR1911016_1.fastq.gz /rds/project/rds-4k08a2yyQLw/david/raw/fastq/SAMEA103956438/ERR1911016_2.fastq.gz write /rds/project/rds-4k08a2yyQLw/david/processed/mgefinder/bwa/SAMEA103956438.GCF_001952915.1_ASM195291v1_genomic.bwa.sam
>>> formatbam: read /rds/project/rds-4k08a2yyQLw/david/processed/mgefinder/bwa/SAMEA103956438.GCF_001952915.1_ASM195291v1_genomic.bwa.sam write /rds/project/rds-4k08a2yyQLw/david/processed/mgefinder/00.bam/SAMEA103956438.GCF_001952915.1_ASM195291v1_genomic.bam
#### CHECKING DEPENDENCIES ####
Current version of snakemake: 7.32.4
Expected version of snakemake: 3.13.3
WARNING: Current version of snakemake does not match expectaction. Proceed with caution
Current version of einverted: EMBOSS:6.6.0.0
Expected version of einverted: EMBOSS:6.6.0.0
Current version of bowtie2: 2.5.4
Expected version of bowtie2: 2.3.5
WARNING: Current version of bowtie2 does not match expectaction. Proceed with caution
Current version of samtools: 1.19.2
Expected version of samtools: 1.9
WARNING: Current version of samtools does not match expectaction. Proceed with caution
Current version of cd-hit: 4.8.1
Expected version of cd-hit: 4.8.1
###############################
Get help documentation with --help.
Get version with --version.
#### PARAMETERS ####
command: formatbam
in_sam: /rds/project/rds-4k08a2yyQLw/david/processed/mgefinder/bwa/SAMEA103956438.GCF_001952915.1_ASM195291v1_genomic.bwa.sam
out_bam: /rds/project/rds-4k08a2yyQLw/david/processed/mgefinder/00.bam/SAMEA103956438.GCF_001952915.1_ASM195291v1_genomic.bam
single_end: False
keep_tmp_files: False
####################
Removing secondary alignments...
>>> pair: MGEfinder pair SAMD00066597 GCF_001952915.1_ASM195291v1_genomic
>>> inferseq_assembly: SAMD00066597 GCF_001952915.1_ASM195291v1_genomic
Successfully removed secondary alignments...

Formatting bam file for use by mgefinder...
>>> bwa: read /rds/project/rds-4k08a2yyQLw/david/processed/mgefinder/00.genome/GCF_001952915.1_ASM195291v1_genomic.fna /rds/project/rds-4k08a2yyQLw/david/raw/fastq/SAMEA103956442/ERR1911022_1.fastq.gz /rds/project/rds-4k08a2yyQLw/david/raw/fastq/SAMEA103956442/ERR1911022_2.fastq.gz write /rds/project/rds-4k08a2yyQLw/david/processed/mgefinder/bwa/SAMEA103956442.GCF_001952915.1_ASM195291v1_genomic.bwa.sam
SAM file successfully reformatted...

Sorting the BAM file by chromosomal location...
>>> formatbam: read /rds/project/rds-4k08a2yyQLw/david/processed/mgefinder/bwa/SAMD00646127.GCF_001952915.1_ASM195291v1_genomic.bwa.sam write /rds/project/rds-4k08a2yyQLw/david/processed/mgefinder/00.bam/SAMD00646127.GCF_001952915.1_ASM195291v1_genomic.bam
#### CHECKING DEPENDENCIES ####
Current version of snakemake: 7.32.4
Expected version of snakemake: 3.13.3
WARNING: Current version of snakemake does not match expectaction. Proceed with caution
Current version of einverted: EMBOSS:6.6.0.0
Expected version of einverted: EMBOSS:6.6.0.0
Current version of bowtie2: 2.5.4
Expected version of bowtie2: 2.3.5
WARNING: Current version of bowtie2 does not match expectaction. Proceed with caution
Current version of samtools: 1.19.2
Expected version of samtools: 1.9
WARNING: Current version of samtools does not match expectaction. Proceed with caution
Current version of cd-hit: 4.8.1
Expected version of cd-hit: 4.8.1
###############################
Get help documentation with --help.
Get version with --version.
#### PARAMETERS ####
command: formatbam
in_sam: /rds/project/rds-4k08a2yyQLw/david/processed/mgefinder/bwa/SAMD00646127.GCF_001952915.1_ASM195291v1_genomic.bwa.sam
out_bam: /rds/project/rds-4k08a2yyQLw/david/processed/mgefinder/00.bam/SAMD00646127.GCF_001952915.1_ASM195291v1_genomic.bam
single_end: False
keep_tmp_files: False
####################
Removing secondary alignments...
BAM file successfully sorted...

Index the sorted BAM file...
BAM file successfully indexed...

>>> find: read /rds/project/rds-4k08a2yyQLw/david/processed/mgefinder/00.bam/SAMEA103956438.GCF_001952915.1_ASM195291v1_genomic.bam write /rds/project/rds-4k08a2yyQLw/david/processed/mgefinder/mgefinder/GCF_001952915.1_ASM195291v1_genomic/SAMEA103956438/01.find.SAMEA103956438.GCF_001952915.1_ASM195291v1_genomic.tsv
>>> pair: MGEfinder pair SAMEA103956438 GCF_001952915.1_ASM195291v1_genomic
>>> inferseq_assembly: SAMEA103956438 GCF_001952915.1_ASM195291v1_genomic
>>> bwa: read /rds/project/rds-4k08a2yyQLw/david/processed/mgefinder/00.genome/GCF_001952915.1_ASM195291v1_genomic.fna /rds/project/rds-4k08a2yyQLw/david/raw/fastq/SAMEA103956445/ERR1911025_1.fastq.gz /rds/project/rds-4k08a2yyQLw/david/raw/fastq/SAMEA103956445/ERR1911025_2.fastq.gz write /rds/project/rds-4k08a2yyQLw/david/processed/mgefinder/bwa/SAMEA103956445.GCF_001952915.1_ASM195291v1_genomic.bwa.sam
>>> formatbam: read /rds/project/rds-4k08a2yyQLw/david/processed/mgefinder/bwa/SAMEA103956442.GCF_001952915.1_ASM195291v1_genomic.bwa.sam write /rds/project/rds-4k08a2yyQLw/david/processed/mgefinder/00.bam/SAMEA103956442.GCF_001952915.1_ASM195291v1_genomic.bam
#### CHECKING DEPENDENCIES ####
Current version of snakemake: 7.32.4
Expected version of snakemake: 3.13.3
WARNING: Current version of snakemake does not match expectaction. Proceed with caution
Current version of einverted: EMBOSS:6.6.0.0
Expected version of einverted: EMBOSS:6.6.0.0
Current version of bowtie2: 2.5.4
Expected version of bowtie2: 2.3.5
WARNING: Current version of bowtie2 does not match expectaction. Proceed with caution
Current version of samtools: 1.19.2
Expected version of samtools: 1.9
WARNING: Current version of samtools does not match expectaction. Proceed with caution
Current version of cd-hit: 4.8.1
Expected version of cd-hit: 4.8.1
###############################
Get help documentation with --help.
Get version with --version.
#### PARAMETERS ####
command: formatbam
in_sam: /rds/project/rds-4k08a2yyQLw/david/processed/mgefinder/bwa/SAMEA103956442.GCF_001952915.1_ASM195291v1_genomic.bwa.sam
out_bam: /rds/project/rds-4k08a2yyQLw/david/processed/mgefinder/00.bam/SAMEA103956442.GCF_001952915.1_ASM195291v1_genomic.bam
single_end: False
keep_tmp_files: False
####################
Removing secondary alignments...
Successfully removed secondary alignments...

Formatting bam file for use by mgefinder...
Successfully removed secondary alignments...

Formatting bam file for use by mgefinder...
>>> formatbam: read /rds/project/rds-4k08a2yyQLw/david/processed/mgefinder/bwa/SAMEA103956445.GCF_001952915.1_ASM195291v1_genomic.bwa.sam write /rds/project/rds-4k08a2yyQLw/david/processed/mgefinder/00.bam/SAMEA103956445.GCF_001952915.1_ASM195291v1_genomic.bam
#### CHECKING DEPENDENCIES ####
Current version of snakemake: 7.32.4
Expected version of snakemake: 3.13.3
WARNING: Current version of snakemake does not match expectaction. Proceed with caution
Current version of einverted: EMBOSS:6.6.0.0
Expected version of einverted: EMBOSS:6.6.0.0
Current version of bowtie2: 2.5.4
Expected version of bowtie2: 2.3.5
WARNING: Current version of bowtie2 does not match expectaction. Proceed with caution
Current version of samtools: 1.19.2
Expected version of samtools: 1.9
WARNING: Current version of samtools does not match expectaction. Proceed with caution
Current version of cd-hit: 4.8.1
Expected version of cd-hit: 4.8.1
###############################
Get help documentation with --help.
Get version with --version.
#### PARAMETERS ####
command: formatbam
in_sam: /rds/project/rds-4k08a2yyQLw/david/processed/mgefinder/bwa/SAMEA103956445.GCF_001952915.1_ASM195291v1_genomic.bwa.sam
out_bam: /rds/project/rds-4k08a2yyQLw/david/processed/mgefinder/00.bam/SAMEA103956445.GCF_001952915.1_ASM195291v1_genomic.bam
single_end: False
keep_tmp_files: False
####################
Removing secondary alignments...
Successfully removed secondary alignments...

Formatting bam file for use by mgefinder...
SAM file successfully reformatted...

Sorting the BAM file by chromosomal location...
BAM file successfully sorted...

Index the sorted BAM file...
SAM file successfully reformatted...

Sorting the BAM file by chromosomal location...
BAM file successfully indexed...

>>> find: read /rds/project/rds-4k08a2yyQLw/david/processed/mgefinder/00.bam/SAMEA103956442.GCF_001952915.1_ASM195291v1_genomic.bam write /rds/project/rds-4k08a2yyQLw/david/processed/mgefinder/mgefinder/GCF_001952915.1_ASM195291v1_genomic/SAMEA103956442/01.find.SAMEA103956442.GCF_001952915.1_ASM195291v1_genomic.tsv
SAM file successfully reformatted...

Sorting the BAM file by chromosomal location...
BAM file successfully sorted...

Index the sorted BAM file...
BAM file successfully indexed...

>>> find: read /rds/project/rds-4k08a2yyQLw/david/processed/mgefinder/00.bam/SAMEA103956445.GCF_001952915.1_ASM195291v1_genomic.bam write /rds/project/rds-4k08a2yyQLw/david/processed/mgefinder/mgefinder/GCF_001952915.1_ASM195291v1_genomic/SAMEA103956445/01.find.SAMEA103956445.GCF_001952915.1_ASM195291v1_genomic.tsv
>>> pair: MGEfinder pair SAMEA103956442 GCF_001952915.1_ASM195291v1_genomic
>>> inferseq_assembly: SAMEA103956442 GCF_001952915.1_ASM195291v1_genomic
>>> pair: MGEfinder pair SAMEA103956445 GCF_001952915.1_ASM195291v1_genomic
>>> bwa: read /rds/project/rds-4k08a2yyQLw/david/processed/mgefinder/00.genome/GCF_001952915.1_ASM195291v1_genomic.fna /rds/project/rds-4k08a2yyQLw/david/raw/fastq/SAMD00052621/DRR061423_1.fastq.gz /rds/project/rds-4k08a2yyQLw/david/raw/fastq/SAMD00052621/DRR061423_2.fastq.gz write /rds/project/rds-4k08a2yyQLw/david/processed/mgefinder/bwa/SAMD00052621.GCF_001952915.1_ASM195291v1_genomic.bwa.sam
>>> inferseq_assembly: SAMEA103956445 GCF_001952915.1_ASM195291v1_genomic
>>> bwa: read /rds/project/rds-4k08a2yyQLw/david/processed/mgefinder/00.genome/GCF_001952915.1_ASM195291v1_genomic.fna /rds/project/rds-4k08a2yyQLw/david/raw/fastq/SAMEA103956439/ERR1911019_1.fastq.gz /rds/project/rds-4k08a2yyQLw/david/raw/fastq/SAMEA103956439/ERR1911019_2.fastq.gz write /rds/project/rds-4k08a2yyQLw/david/processed/mgefinder/bwa/SAMEA103956439.GCF_001952915.1_ASM195291v1_genomic.bwa.sam
BAM file successfully sorted...

Index the sorted BAM file...
BAM file successfully indexed...

>>> find: read /rds/project/rds-4k08a2yyQLw/david/processed/mgefinder/00.bam/SAMD00646128.GCF_001952915.1_ASM195291v1_genomic.bam write /rds/project/rds-4k08a2yyQLw/david/processed/mgefinder/mgefinder/GCF_001952915.1_ASM195291v1_genomic/SAMD00646128/01.find.SAMD00646128.GCF_001952915.1_ASM195291v1_genomic.tsv
>>> formatbam: read /rds/project/rds-4k08a2yyQLw/david/processed/mgefinder/bwa/SAMD00052621.GCF_001952915.1_ASM195291v1_genomic.bwa.sam write /rds/project/rds-4k08a2yyQLw/david/processed/mgefinder/00.bam/SAMD00052621.GCF_001952915.1_ASM195291v1_genomic.bam
#### CHECKING DEPENDENCIES ####
Current version of snakemake: 7.32.4
Expected version of snakemake: 3.13.3
WARNING: Current version of snakemake does not match expectaction. Proceed with caution
Current version of einverted: EMBOSS:6.6.0.0
Expected version of einverted: EMBOSS:6.6.0.0
Current version of bowtie2: 2.5.4
Expected version of bowtie2: 2.3.5
WARNING: Current version of bowtie2 does not match expectaction. Proceed with caution
Current version of samtools: 1.19.2
Expected version of samtools: 1.9
WARNING: Current version of samtools does not match expectaction. Proceed with caution
Current version of cd-hit: 4.8.1
Expected version of cd-hit: 4.8.1
###############################
Get help documentation with --help.
Get version with --version.
#### PARAMETERS ####
command: formatbam
in_sam: /rds/project/rds-4k08a2yyQLw/david/processed/mgefinder/bwa/SAMD00052621.GCF_001952915.1_ASM195291v1_genomic.bwa.sam
out_bam: /rds/project/rds-4k08a2yyQLw/david/processed/mgefinder/00.bam/SAMD00052621.GCF_001952915.1_ASM195291v1_genomic.bam
single_end: False
keep_tmp_files: False
####################
Removing secondary alignments...
Successfully removed secondary alignments...

Formatting bam file for use by mgefinder...
>>> formatbam: read /rds/project/rds-4k08a2yyQLw/david/processed/mgefinder/bwa/SAMEA103956439.GCF_001952915.1_ASM195291v1_genomic.bwa.sam write /rds/project/rds-4k08a2yyQLw/david/processed/mgefinder/00.bam/SAMEA103956439.GCF_001952915.1_ASM195291v1_genomic.bam
#### CHECKING DEPENDENCIES ####
Current version of snakemake: 7.32.4
Expected version of snakemake: 3.13.3
WARNING: Current version of snakemake does not match expectaction. Proceed with caution
Current version of einverted: EMBOSS:6.6.0.0
Expected version of einverted: EMBOSS:6.6.0.0
Current version of bowtie2: 2.5.4
Expected version of bowtie2: 2.3.5
WARNING: Current version of bowtie2 does not match expectaction. Proceed with caution
Current version of samtools: 1.19.2
Expected version of samtools: 1.9
WARNING: Current version of samtools does not match expectaction. Proceed with caution
Current version of cd-hit: 4.8.1
Expected version of cd-hit: 4.8.1
###############################
Get help documentation with --help.
Get version with --version.
#### PARAMETERS ####
command: formatbam
in_sam: /rds/project/rds-4k08a2yyQLw/david/processed/mgefinder/bwa/SAMEA103956439.GCF_001952915.1_ASM195291v1_genomic.bwa.sam
out_bam: /rds/project/rds-4k08a2yyQLw/david/processed/mgefinder/00.bam/SAMEA103956439.GCF_001952915.1_ASM195291v1_genomic.bam
single_end: False
keep_tmp_files: False
####################
Removing secondary alignments...
Successfully removed secondary alignments...

Formatting bam file for use by mgefinder...
SAM file successfully reformatted...

Sorting the BAM file by chromosomal location...
BAM file successfully sorted...

Index the sorted BAM file...
BAM file successfully indexed...

>>> find: read /rds/project/rds-4k08a2yyQLw/david/processed/mgefinder/00.bam/SAMD00052621.GCF_001952915.1_ASM195291v1_genomic.bam write /rds/project/rds-4k08a2yyQLw/david/processed/mgefinder/mgefinder/GCF_001952915.1_ASM195291v1_genomic/SAMD00052621/01.find.SAMD00052621.GCF_001952915.1_ASM195291v1_genomic.tsv
>>> pair: MGEfinder pair SAMD00052621 GCF_001952915.1_ASM195291v1_genomic
>>> inferseq_assembly: SAMD00052621 GCF_001952915.1_ASM195291v1_genomic
>>> bwa: read /rds/project/rds-4k08a2yyQLw/david/processed/mgefinder/00.genome/GCF_001952915.1_ASM195291v1_genomic.fna /rds/project/rds-4k08a2yyQLw/david/raw/fastq/SAMD00193197/DRR198036_1.fastq.gz /rds/project/rds-4k08a2yyQLw/david/raw/fastq/SAMD00193197/DRR198036_2.fastq.gz write /rds/project/rds-4k08a2yyQLw/david/processed/mgefinder/bwa/SAMD00193197.GCF_001952915.1_ASM195291v1_genomic.bwa.sam
SAM file successfully reformatted...

Sorting the BAM file by chromosomal location...
BAM file successfully sorted...

Index the sorted BAM file...
BAM file successfully indexed...

>>> find: read /rds/project/rds-4k08a2yyQLw/david/processed/mgefinder/00.bam/SAMEA103956439.GCF_001952915.1_ASM195291v1_genomic.bam write /rds/project/rds-4k08a2yyQLw/david/processed/mgefinder/mgefinder/GCF_001952915.1_ASM195291v1_genomic/SAMEA103956439/01.find.SAMEA103956439.GCF_001952915.1_ASM195291v1_genomic.tsv
>>> pair: MGEfinder pair SAMEA103956439 GCF_001952915.1_ASM195291v1_genomic
>>> inferseq_assembly: SAMEA103956439 GCF_001952915.1_ASM195291v1_genomic
>>> bwa: read /rds/project/rds-4k08a2yyQLw/david/processed/mgefinder/00.genome/GCF_001952915.1_ASM195291v1_genomic.fna /rds/project/rds-4k08a2yyQLw/david/raw/fastq/SAMD00052601/DRR061405_1.fastq.gz /rds/project/rds-4k08a2yyQLw/david/raw/fastq/SAMD00052601/DRR061405_2.fastq.gz write /rds/project/rds-4k08a2yyQLw/david/processed/mgefinder/bwa/SAMD00052601.GCF_001952915.1_ASM195291v1_genomic.bwa.sam
>>> formatbam: read /rds/project/rds-4k08a2yyQLw/david/processed/mgefinder/bwa/SAMD00052601.GCF_001952915.1_ASM195291v1_genomic.bwa.sam write /rds/project/rds-4k08a2yyQLw/david/processed/mgefinder/00.bam/SAMD00052601.GCF_001952915.1_ASM195291v1_genomic.bam
#### CHECKING DEPENDENCIES ####
Current version of snakemake: 7.32.4
Expected version of snakemake: 3.13.3
WARNING: Current version of snakemake does not match expectaction. Proceed with caution
Current version of einverted: EMBOSS:6.6.0.0
Expected version of einverted: EMBOSS:6.6.0.0
Current version of bowtie2: 2.5.4
Expected version of bowtie2: 2.3.5
WARNING: Current version of bowtie2 does not match expectaction. Proceed with caution
Current version of samtools: 1.19.2
Expected version of samtools: 1.9
WARNING: Current version of samtools does not match expectaction. Proceed with caution
Current version of cd-hit: 4.8.1
Expected version of cd-hit: 4.8.1
###############################
Get help documentation with --help.
Get version with --version.
#### PARAMETERS ####
command: formatbam
in_sam: /rds/project/rds-4k08a2yyQLw/david/processed/mgefinder/bwa/SAMD00052601.GCF_001952915.1_ASM195291v1_genomic.bwa.sam
out_bam: /rds/project/rds-4k08a2yyQLw/david/processed/mgefinder/00.bam/SAMD00052601.GCF_001952915.1_ASM195291v1_genomic.bam
single_end: False
keep_tmp_files: False
####################
Removing secondary alignments...
Successfully removed secondary alignments...

Formatting bam file for use by mgefinder...
>>> formatbam: read /rds/project/rds-4k08a2yyQLw/david/processed/mgefinder/bwa/SAMD00193197.GCF_001952915.1_ASM195291v1_genomic.bwa.sam write /rds/project/rds-4k08a2yyQLw/david/processed/mgefinder/00.bam/SAMD00193197.GCF_001952915.1_ASM195291v1_genomic.bam
#### CHECKING DEPENDENCIES ####
Current version of snakemake: 7.32.4
Expected version of snakemake: 3.13.3
WARNING: Current version of snakemake does not match expectaction. Proceed with caution
Current version of einverted: EMBOSS:6.6.0.0
Expected version of einverted: EMBOSS:6.6.0.0
Current version of bowtie2: 2.5.4
Expected version of bowtie2: 2.3.5
WARNING: Current version of bowtie2 does not match expectaction. Proceed with caution
Current version of samtools: 1.19.2
Expected version of samtools: 1.9
WARNING: Current version of samtools does not match expectaction. Proceed with caution
Current version of cd-hit: 4.8.1
Expected version of cd-hit: 4.8.1
###############################
Get help documentation with --help.
Get version with --version.
#### PARAMETERS ####
command: formatbam
in_sam: /rds/project/rds-4k08a2yyQLw/david/processed/mgefinder/bwa/SAMD00193197.GCF_001952915.1_ASM195291v1_genomic.bwa.sam
out_bam: /rds/project/rds-4k08a2yyQLw/david/processed/mgefinder/00.bam/SAMD00193197.GCF_001952915.1_ASM195291v1_genomic.bam
single_end: False
keep_tmp_files: False
####################
Removing secondary alignments...
SAM file successfully reformatted...

Sorting the BAM file by chromosomal location...
Successfully removed secondary alignments...

Formatting bam file for use by mgefinder...
SAM file successfully reformatted...

Sorting the BAM file by chromosomal location...
BAM file successfully sorted...

Index the sorted BAM file...
BAM file successfully indexed...

>>> find: read /rds/project/rds-4k08a2yyQLw/david/processed/mgefinder/00.bam/SAMD00052601.GCF_001952915.1_ASM195291v1_genomic.bam write /rds/project/rds-4k08a2yyQLw/david/processed/mgefinder/mgefinder/GCF_001952915.1_ASM195291v1_genomic/SAMD00052601/01.find.SAMD00052601.GCF_001952915.1_ASM195291v1_genomic.tsv
SAM file successfully reformatted...

Sorting the BAM file by chromosomal location...
>>> pair: MGEfinder pair SAMD00052601 GCF_001952915.1_ASM195291v1_genomic
>>> inferseq_assembly: SAMD00052601 GCF_001952915.1_ASM195291v1_genomic
>>> inferseq_reference: SAMD00052601 GCF_001952915.1_ASM195291v1_genomic
>>> inferseq_overlap: SAMD00052621 GCF_001952915.1_ASM195291v1_genomic
>>> inferseq_reference: SAMEA103956441 GCF_001952915.1_ASM195291v1_genomic
>>> bwa: read /rds/project/rds-4k08a2yyQLw/david/processed/mgefinder/00.genome/GCF_001952915.1_ASM195291v1_genomic.fna /rds/project/rds-4k08a2yyQLw/david/raw/fastq/SAMEA103956446/ERR1911026_1.fastq.gz /rds/project/rds-4k08a2yyQLw/david/raw/fastq/SAMEA103956446/ERR1911026_2.fastq.gz write /rds/project/rds-4k08a2yyQLw/david/processed/mgefinder/bwa/SAMEA103956446.GCF_001952915.1_ASM195291v1_genomic.bwa.sam
>>> pair: MGEfinder pair SAMD00646128 GCF_001952915.1_ASM195291v1_genomic
>>> inferseq_assembly: SAMD00646128 GCF_001952915.1_ASM195291v1_genomic
BAM file successfully sorted...

Index the sorted BAM file...
>>> bwa: read /rds/project/rds-4k08a2yyQLw/david/processed/mgefinder/00.genome/GCF_001952915.1_ASM195291v1_genomic.fna /rds/project/rds-4k08a2yyQLw/david/raw/fastq/SAMD00052603/DRR061407_1.fastq.gz /rds/project/rds-4k08a2yyQLw/david/raw/fastq/SAMD00052603/DRR061407_2.fastq.gz write /rds/project/rds-4k08a2yyQLw/david/processed/mgefinder/bwa/SAMD00052603.GCF_001952915.1_ASM195291v1_genomic.bwa.sam
BAM file successfully indexed...

>>> find: read /rds/project/rds-4k08a2yyQLw/david/processed/mgefinder/00.bam/SAMD00193197.GCF_001952915.1_ASM195291v1_genomic.bam write /rds/project/rds-4k08a2yyQLw/david/processed/mgefinder/mgefinder/GCF_001952915.1_ASM195291v1_genomic/SAMD00193197/01.find.SAMD00193197.GCF_001952915.1_ASM195291v1_genomic.tsv
BAM file successfully sorted...

Index the sorted BAM file...
BAM file successfully indexed...

>>> find: read /rds/project/rds-4k08a2yyQLw/david/processed/mgefinder/00.bam/SAMD00646127.GCF_001952915.1_ASM195291v1_genomic.bam write /rds/project/rds-4k08a2yyQLw/david/processed/mgefinder/mgefinder/GCF_001952915.1_ASM195291v1_genomic/SAMD00646127/01.find.SAMD00646127.GCF_001952915.1_ASM195291v1_genomic.tsv
>>> formatbam: read /rds/project/rds-4k08a2yyQLw/david/processed/mgefinder/bwa/SAMEA103956446.GCF_001952915.1_ASM195291v1_genomic.bwa.sam write /rds/project/rds-4k08a2yyQLw/david/processed/mgefinder/00.bam/SAMEA103956446.GCF_001952915.1_ASM195291v1_genomic.bam
#### CHECKING DEPENDENCIES ####
Current version of snakemake: 7.32.4
Expected version of snakemake: 3.13.3
WARNING: Current version of snakemake does not match expectaction. Proceed with caution
Current version of einverted: EMBOSS:6.6.0.0
Expected version of einverted: EMBOSS:6.6.0.0
Current version of bowtie2: 2.5.4
Expected version of bowtie2: 2.3.5
WARNING: Current version of bowtie2 does not match expectaction. Proceed with caution
Current version of samtools: 1.19.2
Expected version of samtools: 1.9
WARNING: Current version of samtools does not match expectaction. Proceed with caution
Current version of cd-hit: 4.8.1
Expected version of cd-hit: 4.8.1
###############################
Get help documentation with --help.
Get version with --version.
#### PARAMETERS ####
command: formatbam
in_sam: /rds/project/rds-4k08a2yyQLw/david/processed/mgefinder/bwa/SAMEA103956446.GCF_001952915.1_ASM195291v1_genomic.bwa.sam
out_bam: /rds/project/rds-4k08a2yyQLw/david/processed/mgefinder/00.bam/SAMEA103956446.GCF_001952915.1_ASM195291v1_genomic.bam
single_end: False
keep_tmp_files: False
####################
Removing secondary alignments...
Successfully removed secondary alignments...

Formatting bam file for use by mgefinder...
>>> pair: MGEfinder pair SAMD00193197 GCF_001952915.1_ASM195291v1_genomic
>>> inferseq_assembly: SAMD00193197 GCF_001952915.1_ASM195291v1_genomic
>>> bwa: read /rds/project/rds-4k08a2yyQLw/david/processed/mgefinder/00.genome/GCF_001952915.1_ASM195291v1_genomic.fna /rds/project/rds-4k08a2yyQLw/david/raw/fastq/SAMD00052625/DRR061427_1.fastq.gz /rds/project/rds-4k08a2yyQLw/david/raw/fastq/SAMD00052625/DRR061427_2.fastq.gz write /rds/project/rds-4k08a2yyQLw/david/processed/mgefinder/bwa/SAMD00052625.GCF_001952915.1_ASM195291v1_genomic.bwa.sam
>>> formatbam: read /rds/project/rds-4k08a2yyQLw/david/processed/mgefinder/bwa/SAMD00052603.GCF_001952915.1_ASM195291v1_genomic.bwa.sam write /rds/project/rds-4k08a2yyQLw/david/processed/mgefinder/00.bam/SAMD00052603.GCF_001952915.1_ASM195291v1_genomic.bam
#### CHECKING DEPENDENCIES ####
Current version of snakemake: 7.32.4
Expected version of snakemake: 3.13.3
WARNING: Current version of snakemake does not match expectaction. Proceed with caution
Current version of einverted: EMBOSS:6.6.0.0
Expected version of einverted: EMBOSS:6.6.0.0
Current version of bowtie2: 2.5.4
Expected version of bowtie2: 2.3.5
WARNING: Current version of bowtie2 does not match expectaction. Proceed with caution
Current version of samtools: 1.19.2
Expected version of samtools: 1.9
WARNING: Current version of samtools does not match expectaction. Proceed with caution
Current version of cd-hit: 4.8.1
Expected version of cd-hit: 4.8.1
###############################
Get help documentation with --help.
Get version with --version.
#### PARAMETERS ####
command: formatbam
in_sam: /rds/project/rds-4k08a2yyQLw/david/processed/mgefinder/bwa/SAMD00052603.GCF_001952915.1_ASM195291v1_genomic.bwa.sam
out_bam: /rds/project/rds-4k08a2yyQLw/david/processed/mgefinder/00.bam/SAMD00052603.GCF_001952915.1_ASM195291v1_genomic.bam
single_end: False
keep_tmp_files: False
####################
Removing secondary alignments...
SAM file successfully reformatted...

Sorting the BAM file by chromosomal location...
Successfully removed secondary alignments...

Formatting bam file for use by mgefinder...
BAM file successfully sorted...

Index the sorted BAM file...
BAM file successfully indexed...

>>> find: read /rds/project/rds-4k08a2yyQLw/david/processed/mgefinder/00.bam/SAMEA103956446.GCF_001952915.1_ASM195291v1_genomic.bam write /rds/project/rds-4k08a2yyQLw/david/processed/mgefinder/mgefinder/GCF_001952915.1_ASM195291v1_genomic/SAMEA103956446/01.find.SAMEA103956446.GCF_001952915.1_ASM195291v1_genomic.tsv
>>> pair: MGEfinder pair SAMEA103956446 GCF_001952915.1_ASM195291v1_genomic
>>> inferseq_assembly: SAMEA103956446 GCF_001952915.1_ASM195291v1_genomic
>>> inferseq_reference: SAMEA103956446 GCF_001952915.1_ASM195291v1_genomic
>>> bwa: read /rds/project/rds-4k08a2yyQLw/david/processed/mgefinder/00.genome/GCF_001952915.1_ASM195291v1_genomic.fna /rds/project/rds-4k08a2yyQLw/david/raw/fastq/SAMD00099771/DRR111584_1.fastq.gz /rds/project/rds-4k08a2yyQLw/david/raw/fastq/SAMD00099771/DRR111584_2.fastq.gz write /rds/project/rds-4k08a2yyQLw/david/processed/mgefinder/bwa/SAMD00099771.GCF_001952915.1_ASM195291v1_genomic.bwa.sam
>>> formatbam: read /rds/project/rds-4k08a2yyQLw/david/processed/mgefinder/bwa/SAMD00052625.GCF_001952915.1_ASM195291v1_genomic.bwa.sam write /rds/project/rds-4k08a2yyQLw/david/processed/mgefinder/00.bam/SAMD00052625.GCF_001952915.1_ASM195291v1_genomic.bam
#### CHECKING DEPENDENCIES ####
Current version of snakemake: 7.32.4
Expected version of snakemake: 3.13.3
WARNING: Current version of snakemake does not match expectaction. Proceed with caution
Current version of einverted: EMBOSS:6.6.0.0
Expected version of einverted: EMBOSS:6.6.0.0
Current version of bowtie2: 2.5.4
Expected version of bowtie2: 2.3.5
WARNING: Current version of bowtie2 does not match expectaction. Proceed with caution
Current version of samtools: 1.19.2
Expected version of samtools: 1.9
WARNING: Current version of samtools does not match expectaction. Proceed with caution
Current version of cd-hit: 4.8.1
Expected version of cd-hit: 4.8.1
###############################
Get help documentation with --help.
Get version with --version.
#### PARAMETERS ####
command: formatbam
in_sam: /rds/project/rds-4k08a2yyQLw/david/processed/mgefinder/bwa/SAMD00052625.GCF_001952915.1_ASM195291v1_genomic.bwa.sam
out_bam: /rds/project/rds-4k08a2yyQLw/david/processed/mgefinder/00.bam/SAMD00052625.GCF_001952915.1_ASM195291v1_genomic.bam
single_end: False
keep_tmp_files: False
####################
Removing secondary alignments...
Successfully removed secondary alignments...

Formatting bam file for use by mgefinder...
SAM file successfully reformatted...

Sorting the BAM file by chromosomal location...
BAM file successfully sorted...

Index the sorted BAM file...
BAM file successfully indexed...

>>> find: read /rds/project/rds-4k08a2yyQLw/david/processed/mgefinder/00.bam/SAMD00052603.GCF_001952915.1_ASM195291v1_genomic.bam write /rds/project/rds-4k08a2yyQLw/david/processed/mgefinder/mgefinder/GCF_001952915.1_ASM195291v1_genomic/SAMD00052603/01.find.SAMD00052603.GCF_001952915.1_ASM195291v1_genomic.tsv
SAM file successfully reformatted...

Sorting the BAM file by chromosomal location...
BAM file successfully sorted...

Index the sorted BAM file...
BAM file successfully indexed...

>>> find: read /rds/project/rds-4k08a2yyQLw/david/processed/mgefinder/00.bam/SAMD00052625.GCF_001952915.1_ASM195291v1_genomic.bam write /rds/project/rds-4k08a2yyQLw/david/processed/mgefinder/mgefinder/GCF_001952915.1_ASM195291v1_genomic/SAMD00052625/01.find.SAMD00052625.GCF_001952915.1_ASM195291v1_genomic.tsv
>>> pair: MGEfinder pair SAMD00052625 GCF_001952915.1_ASM195291v1_genomic
>>> inferseq_assembly: SAMD00052625 GCF_001952915.1_ASM195291v1_genomic
>>> bwa: read /rds/project/rds-4k08a2yyQLw/david/processed/mgefinder/00.genome/GCF_001952915.1_ASM195291v1_genomic.fna /rds/project/rds-4k08a2yyQLw/david/raw/fastq/SAMD00646126/DRR504916_1.fastq.gz /rds/project/rds-4k08a2yyQLw/david/raw/fastq/SAMD00646126/DRR504916_2.fastq.gz write /rds/project/rds-4k08a2yyQLw/david/processed/mgefinder/bwa/SAMD00646126.GCF_001952915.1_ASM195291v1_genomic.bwa.sam
>>> formatbam: read /rds/project/rds-4k08a2yyQLw/david/processed/mgefinder/bwa/SAMD00099771.GCF_001952915.1_ASM195291v1_genomic.bwa.sam write /rds/project/rds-4k08a2yyQLw/david/processed/mgefinder/00.bam/SAMD00099771.GCF_001952915.1_ASM195291v1_genomic.bam
#### CHECKING DEPENDENCIES ####
Current version of snakemake: 7.32.4
Expected version of snakemake: 3.13.3
WARNING: Current version of snakemake does not match expectaction. Proceed with caution
Current version of einverted: EMBOSS:6.6.0.0
Expected version of einverted: EMBOSS:6.6.0.0
Current version of bowtie2: 2.5.4
Expected version of bowtie2: 2.3.5
WARNING: Current version of bowtie2 does not match expectaction. Proceed with caution
Current version of samtools: 1.19.2
Expected version of samtools: 1.9
WARNING: Current version of samtools does not match expectaction. Proceed with caution
Current version of cd-hit: 4.8.1
Expected version of cd-hit: 4.8.1
###############################
Get help documentation with --help.
Get version with --version.
#### PARAMETERS ####
command: formatbam
in_sam: /rds/project/rds-4k08a2yyQLw/david/processed/mgefinder/bwa/SAMD00099771.GCF_001952915.1_ASM195291v1_genomic.bwa.sam
out_bam: /rds/project/rds-4k08a2yyQLw/david/processed/mgefinder/00.bam/SAMD00099771.GCF_001952915.1_ASM195291v1_genomic.bam
single_end: False
keep_tmp_files: False
####################
Removing secondary alignments...
Successfully removed secondary alignments...

Formatting bam file for use by mgefinder...
>>> pair: MGEfinder pair SAMD00052603 GCF_001952915.1_ASM195291v1_genomic
>>> inferseq_assembly: SAMD00052603 GCF_001952915.1_ASM195291v1_genomic
>>> inferseq_overlap: SAMD00052603 GCF_001952915.1_ASM195291v1_genomic
>>> inferseq_overlap: SAMEA103956442 GCF_001952915.1_ASM195291v1_genomic
>>> inferseq_overlap: SAMD00646128 GCF_001952915.1_ASM195291v1_genomic
>>> inferseq_reference: SAMD00052603 GCF_001952915.1_ASM195291v1_genomic
>>> bwa: read /rds/project/rds-4k08a2yyQLw/david/processed/mgefinder/00.genome/GCF_001952915.1_ASM195291v1_genomic.fna /rds/project/rds-4k08a2yyQLw/david/raw/fastq/SAMEA103956444/ERR1911024_1.fastq.gz /rds/project/rds-4k08a2yyQLw/david/raw/fastq/SAMEA103956444/ERR1911024_2.fastq.gz write /rds/project/rds-4k08a2yyQLw/david/processed/mgefinder/bwa/SAMEA103956444.GCF_001952915.1_ASM195291v1_genomic.bwa.sam
>>> formatbam: read /rds/project/rds-4k08a2yyQLw/david/processed/mgefinder/bwa/SAMEA103956444.GCF_001952915.1_ASM195291v1_genomic.bwa.sam write /rds/project/rds-4k08a2yyQLw/david/processed/mgefinder/00.bam/SAMEA103956444.GCF_001952915.1_ASM195291v1_genomic.bam
#### CHECKING DEPENDENCIES ####
Current version of snakemake: 7.32.4
Expected version of snakemake: 3.13.3
WARNING: Current version of snakemake does not match expectaction. Proceed with caution
Current version of einverted: EMBOSS:6.6.0.0
Expected version of einverted: EMBOSS:6.6.0.0
Current version of bowtie2: 2.5.4
Expected version of bowtie2: 2.3.5
WARNING: Current version of bowtie2 does not match expectaction. Proceed with caution
Current version of samtools: 1.19.2
Expected version of samtools: 1.9
WARNING: Current version of samtools does not match expectaction. Proceed with caution
Current version of cd-hit: 4.8.1
Expected version of cd-hit: 4.8.1
###############################
Get help documentation with --help.
Get version with --version.
#### PARAMETERS ####
command: formatbam
in_sam: /rds/project/rds-4k08a2yyQLw/david/processed/mgefinder/bwa/SAMEA103956444.GCF_001952915.1_ASM195291v1_genomic.bwa.sam
out_bam: /rds/project/rds-4k08a2yyQLw/david/processed/mgefinder/00.bam/SAMEA103956444.GCF_001952915.1_ASM195291v1_genomic.bam
single_end: False
keep_tmp_files: False
####################
Removing secondary alignments...
Successfully removed secondary alignments...

Formatting bam file for use by mgefinder...
SAM file successfully reformatted...

Sorting the BAM file by chromosomal location...
SAM file successfully reformatted...

Sorting the BAM file by chromosomal location...
BAM file successfully sorted...

Index the sorted BAM file...
BAM file successfully indexed...

>>> find: read /rds/project/rds-4k08a2yyQLw/david/processed/mgefinder/00.bam/SAMEA103956444.GCF_001952915.1_ASM195291v1_genomic.bam write /rds/project/rds-4k08a2yyQLw/david/processed/mgefinder/mgefinder/GCF_001952915.1_ASM195291v1_genomic/SAMEA103956444/01.find.SAMEA103956444.GCF_001952915.1_ASM195291v1_genomic.tsv
BAM file successfully sorted...

Index the sorted BAM file...
BAM file successfully indexed...

>>> find: read /rds/project/rds-4k08a2yyQLw/david/processed/mgefinder/00.bam/SAMD00099771.GCF_001952915.1_ASM195291v1_genomic.bam write /rds/project/rds-4k08a2yyQLw/david/processed/mgefinder/mgefinder/GCF_001952915.1_ASM195291v1_genomic/SAMD00099771/01.find.SAMD00099771.GCF_001952915.1_ASM195291v1_genomic.tsv
>>> pair: MGEfinder pair SAMEA103956444 GCF_001952915.1_ASM195291v1_genomic
>>> inferseq_assembly: SAMEA103956444 GCF_001952915.1_ASM195291v1_genomic
>>> inferseq_reference: SAMD00193197 GCF_001952915.1_ASM195291v1_genomic
>>> inferseq_reference: SAMD00646128 GCF_001952915.1_ASM195291v1_genomic
>>> inferseq_overlap: SAMD00052625 GCF_001952915.1_ASM195291v1_genomic
>>> inferseq_reference: SAMEA103956442 GCF_001952915.1_ASM195291v1_genomic
>>> inferseq_overlap: SAMEA103956439 GCF_001952915.1_ASM195291v1_genomic
>>> inferseq_overlap: SAMD00193197 GCF_001952915.1_ASM195291v1_genomic
>>> inferseq_overlap: SAMEA103956440 GCF_001952915.1_ASM195291v1_genomic
>>> inferseq_overlap: SAMEA103956445 GCF_001952915.1_ASM195291v1_genomic
>>> inferseq_reference: SAMEA103956439 GCF_001952915.1_ASM195291v1_genomic
>>> inferseq_reference: SAMD00052621 GCF_001952915.1_ASM195291v1_genomic
>>> inferseq_reference: SAMD00066597 GCF_001952915.1_ASM195291v1_genomic
>>> inferseq_overlap: SAMD00052601 GCF_001952915.1_ASM195291v1_genomic
>>> inferseq_overlap: SAMD00066597 GCF_001952915.1_ASM195291v1_genomic
>>> inferseq_reference: SAMEA103956443 GCF_001952915.1_ASM195291v1_genomic
>>> inferseq_overlap: SAMEA103956438 GCF_001952915.1_ASM195291v1_genomic
>>> inferseq_reference: SAMEA103956444 GCF_001952915.1_ASM195291v1_genomic
>>> inferseq_overlap: SAMEA103956446 GCF_001952915.1_ASM195291v1_genomic
>>> inferseq_reference: SAMEA103956438 GCF_001952915.1_ASM195291v1_genomic
>>> inferseq_overlap: SAMEA103956444 GCF_001952915.1_ASM195291v1_genomic
>>> bwa: read /rds/project/rds-4k08a2yyQLw/david/processed/mgefinder/00.genome/GCF_001952915.1_ASM195291v1_genomic.fna /rds/project/rds-4k08a2yyQLw/david/raw/fastq/SAMD00052619/DRR061421_1.fastq.gz /rds/project/rds-4k08a2yyQLw/david/raw/fastq/SAMD00052619/DRR061421_2.fastq.gz write /rds/project/rds-4k08a2yyQLw/david/processed/mgefinder/bwa/SAMD00052619.GCF_001952915.1_ASM195291v1_genomic.bwa.sam
>>> formatbam: read /rds/project/rds-4k08a2yyQLw/david/processed/mgefinder/bwa/SAMD00052619.GCF_001952915.1_ASM195291v1_genomic.bwa.sam write /rds/project/rds-4k08a2yyQLw/david/processed/mgefinder/00.bam/SAMD00052619.GCF_001952915.1_ASM195291v1_genomic.bam
#### CHECKING DEPENDENCIES ####
Current version of snakemake: 7.32.4
Expected version of snakemake: 3.13.3
WARNING: Current version of snakemake does not match expectaction. Proceed with caution
Current version of einverted: EMBOSS:6.6.0.0
Expected version of einverted: EMBOSS:6.6.0.0
Current version of bowtie2: 2.5.4
Expected version of bowtie2: 2.3.5
WARNING: Current version of bowtie2 does not match expectaction. Proceed with caution
Current version of samtools: 1.19.2
Expected version of samtools: 1.9
WARNING: Current version of samtools does not match expectaction. Proceed with caution
Current version of cd-hit: 4.8.1
Expected version of cd-hit: 4.8.1
###############################
Get help documentation with --help.
Get version with --version.
#### PARAMETERS ####
command: formatbam
in_sam: /rds/project/rds-4k08a2yyQLw/david/processed/mgefinder/bwa/SAMD00052619.GCF_001952915.1_ASM195291v1_genomic.bwa.sam
out_bam: /rds/project/rds-4k08a2yyQLw/david/processed/mgefinder/00.bam/SAMD00052619.GCF_001952915.1_ASM195291v1_genomic.bam
single_end: False
keep_tmp_files: False
####################
Removing secondary alignments...
Successfully removed secondary alignments...

Formatting bam file for use by mgefinder...
>>> pair: MGEfinder pair SAMD00099771 GCF_001952915.1_ASM195291v1_genomic
>>> inferseq_assembly: SAMD00099771 GCF_001952915.1_ASM195291v1_genomic
>>> inferseq_overlap: SAMD00099771 GCF_001952915.1_ASM195291v1_genomic
>>> inferseq_reference: SAMD00099771 GCF_001952915.1_ASM195291v1_genomic
>>> inferseq_reference: SAMD00052625 GCF_001952915.1_ASM195291v1_genomic
>>> inferseq_reference: SAMEA103956445 GCF_001952915.1_ASM195291v1_genomic
SAM file successfully reformatted...

Sorting the BAM file by chromosomal location...
BAM file successfully sorted...

Index the sorted BAM file...
BAM file successfully indexed...

>>> find: read /rds/project/rds-4k08a2yyQLw/david/processed/mgefinder/00.bam/SAMD00052619.GCF_001952915.1_ASM195291v1_genomic.bam write /rds/project/rds-4k08a2yyQLw/david/processed/mgefinder/mgefinder/GCF_001952915.1_ASM195291v1_genomic/SAMD00052619/01.find.SAMD00052619.GCF_001952915.1_ASM195291v1_genomic.tsv
>>> pair: MGEfinder pair SAMD00052619 GCF_001952915.1_ASM195291v1_genomic
>>> inferseq_reference: SAMD00052619 GCF_001952915.1_ASM195291v1_genomic
>>> inferseq_assembly: SAMD00052619 GCF_001952915.1_ASM195291v1_genomic
>>> inferseq_overlap: SAMD00052619 GCF_001952915.1_ASM195291v1_genomic
>>> formatbam: read /rds/project/rds-4k08a2yyQLw/david/processed/mgefinder/bwa/SAMD00646126.GCF_001952915.1_ASM195291v1_genomic.bwa.sam write /rds/project/rds-4k08a2yyQLw/david/processed/mgefinder/00.bam/SAMD00646126.GCF_001952915.1_ASM195291v1_genomic.bam
#### CHECKING DEPENDENCIES ####
Current version of snakemake: 7.32.4
Expected version of snakemake: 3.13.3
WARNING: Current version of snakemake does not match expectaction. Proceed with caution
Current version of einverted: EMBOSS:6.6.0.0
Expected version of einverted: EMBOSS:6.6.0.0
Current version of bowtie2: 2.5.4
Expected version of bowtie2: 2.3.5
WARNING: Current version of bowtie2 does not match expectaction. Proceed with caution
Current version of samtools: 1.19.2
Expected version of samtools: 1.9
WARNING: Current version of samtools does not match expectaction. Proceed with caution
Current version of cd-hit: 4.8.1
Expected version of cd-hit: 4.8.1
###############################
Get help documentation with --help.
Get version with --version.
#### PARAMETERS ####
command: formatbam
in_sam: /rds/project/rds-4k08a2yyQLw/david/processed/mgefinder/bwa/SAMD00646126.GCF_001952915.1_ASM195291v1_genomic.bwa.sam
out_bam: /rds/project/rds-4k08a2yyQLw/david/processed/mgefinder/00.bam/SAMD00646126.GCF_001952915.1_ASM195291v1_genomic.bam
single_end: False
keep_tmp_files: False
####################
Removing secondary alignments...
Successfully removed secondary alignments...

Formatting bam file for use by mgefinder...
>>> pair: MGEfinder pair SAMD00646127 GCF_001952915.1_ASM195291v1_genomic
>>> inferseq_assembly: SAMD00646127 GCF_001952915.1_ASM195291v1_genomic
>>> inferseq_overlap: SAMD00646127 GCF_001952915.1_ASM195291v1_genomic
>>> inferseq_reference: SAMD00646127 GCF_001952915.1_ASM195291v1_genomic
SAM file successfully reformatted...

Sorting the BAM file by chromosomal location...
BAM file successfully sorted...

Index the sorted BAM file...
BAM file successfully indexed...

>>> find: read /rds/project/rds-4k08a2yyQLw/david/processed/mgefinder/00.bam/SAMD00646126.GCF_001952915.1_ASM195291v1_genomic.bam write /rds/project/rds-4k08a2yyQLw/david/processed/mgefinder/mgefinder/GCF_001952915.1_ASM195291v1_genomic/SAMD00646126/01.find.SAMD00646126.GCF_001952915.1_ASM195291v1_genomic.tsv
